timestamp,x,y,z,roll,pitch,yaw,joint1,joint2,joint3,joint4,joint5,joint6,gripper,scale
153.88,-132.91098,230.762177,183.197464,-155.900154,-85.115688,61.95364,129.437067,35.199204,40.200495,44.066184,-81.834416,-1.307375,0,-0.02
155.38,-132.91098,230.762177,183.197464,-155.900154,-85.115688,61.95364,129.437067,35.199204,40.200495,44.066184,-81.834416,-1.307375,0,-0.02
170.129,-132.91098,230.762177,183.197464,-155.900154,-85.115688,61.95364,129.437067,35.199204,40.200495,44.066184,-81.834416,-1.307375,0,-0.02
186.134,-132.91098,230.762177,183.197464,-155.900154,-85.115688,61.95364,129.437067,35.199204,40.200495,44.066184,-81.834416,-1.307375,0,-0.02
202.966,-132.91098,230.762177,183.197464,-155.900154,-85.115688,61.95364,129.437067,35.199204,40.200495,44.066184,-81.834416,-1.307375,0,-0.02
217.408,-132.91098,230.762177,183.197464,-155.900154,-85.115688,61.95364,129.437067,35.199204,40.200495,44.066184,-81.834416,-1.307375,0,-0.0
232.26,-132.91098,230.762177,183.197464,-155.900154,-85.115688,61.95364,129.437067,35.199204,40.200495,44.066184,-81.834416,-1.307375,0,-0.0
247.27,-132.91098,230.762177,183.197464,-155.900154,-85.115688,61.95364,129.437067,35.199204,40.200495,44.066184,-81.834416,-1.307375,0,-0.0
263.009,-132.91098,230.762177,183.197464,-155.900154,-85.115688,61.95364,129.437067,35.199204,40.200495,44.066184,-81.834416,-1.307375,0,-0.0
278.623,-132.91098,230.762177,183.197464,-155.900154,-85.115688,61.95364,129.437067,35.199204,40.200495,44.066184,-81.834416,-1.307375,0,-0.0
293.622,-132.91098,230.762177,183.197464,-155.900154,-85.115688,61.95364,129.437067,35.199204,40.200495,44.066184,-81.834416,-1.307375,0,-0.0
308.488,-132.91098,230.762177,183.197464,-155.900154,-85.115688,61.95364,129.437067,35.199204,40.200495,44.066184,-81.834416,-1.307375,0,-0.0
324.325,-132.91098,230.762177,183.197464,-155.900154,-85.115688,61.95364,129.437067,35.199204,40.200495,44.066184,-81.834416,-1.307375,0,-0.0
339.332,-132.91098,230.762177,183.197464,-155.900154,-85.115688,61.95364,129.437067,35.199204,40.200495,44.066184,-81.834416,-1.307375,0,-0.0
354.445,-132.91098,230.762177,183.197464,-155.900154,-85.115688,61.95364,129.437067,35.199204,40.200495,44.066184,-81.834416,-1.307375,0,-0.0
371.362,-132.91098,230.762177,183.197464,-155.900154,-85.115688,61.95364,129.437067,35.199204,40.200495,44.066184,-81.834416,-1.307375,0,-0.0
385.85,-132.91098,230.762177,183.197464,-155.900154,-85.115688,61.95364,129.437067,35.199204,40.200495,44.066184,-81.834416,-1.307375,0,-0.0
401.709,-132.91098,230.762177,183.197464,-155.900154,-85.115688,61.95364,129.437067,35.199204,40.200495,44.066184,-81.834416,-1.307375,0,-0.0
417.304,-132.911285,230.761856,183.192551,-155.921812,-85.111505,61.97547,129.437067,35.199204,40.200495,44.066184,-81.829832,-1.307375,0,-0.0
431.838,-132.911575,230.761551,183.187622,-155.943413,-85.107323,61.997242,129.437067,35.199204,40.200495,44.066184,-81.825249,-1.307375,0,-0.0
447.513,-132.911575,230.761551,183.187622,-155.943413,-85.107323,61.997242,129.437067,35.199204,40.200495,44.066184,-81.825249,-1.307375,0,-0.0
463.273,-132.911575,230.761551,183.187622,-155.943413,-85.107323,61.997242,129.437067,35.199204,40.200495,44.066184,-81.825249,-1.307375,0,-0.0
479.004,-132.911575,230.761551,183.187622,-155.943413,-85.107323,61.997242,129.437067,35.199204,40.200495,44.066184,-81.825249,-1.307375,0,-0.0
493.765,-132.911575,230.761551,183.187622,-155.943413,-85.107323,61.997242,129.437067,35.199204,40.200495,44.066184,-81.825249,-1.307375,0,-0.0
509.097,-132.911575,230.761551,183.187622,-155.943413,-85.107323,61.997242,129.437067,35.199204,40.200495,44.066184,-81.825249,-1.307375,0,-0.0
523.611,-132.911575,230.761551,183.187622,-155.943413,-85.107323,61.997242,129.437067,35.199204,40.200495,44.066184,-81.825249,-1.307375,0,-0.0
539.592,-132.911575,230.761551,183.187622,-155.943413,-85.107323,61.997242,129.437067,35.199204,40.200495,44.066184,-81.825249,-1.307375,0,-0.0
554.4,-132.911575,230.761551,183.187622,-155.943413,-85.107323,61.997242,129.437067,35.199204,40.200495,44.066184,-81.825249,-1.307375,0,-0.0
569.399,-132.911575,230.761551,183.187622,-155.943413,-85.107323,61.997242,129.437067,35.199204,40.200495,44.066184,-81.825249,-1.307375,0,-0.0
586.348,-132.911575,230.761551,183.187622,-155.943413,-85.107323,61.997242,129.437067,35.199204,40.200495,44.066184,-81.825249,-1.307375,0,-0.0
601.225,-132.911575,230.761551,183.187622,-155.943413,-85.107323,61.997242,129.437067,35.199204,40.200495,44.066184,-81.825249,-1.307375,0,-0.0
616.727,-132.911575,230.761551,183.187622,-155.943413,-85.107323,61.997242,129.437067,35.199204,40.200495,44.066184,-81.825249,-1.307375,0,-0.0
631.743,-132.911575,230.761551,183.187622,-155.943413,-85.107323,61.997242,129.437067,35.199204,40.200495,44.066184,-81.825249,-1.307375,0,-0.0
647.462,-132.911575,230.761551,183.187622,-155.943413,-85.107323,61.997242,129.437067,35.199204,40.200495,44.066184,-81.825249,-1.307375,0,-0.0
662.059,-132.911575,230.761551,183.187622,-155.943413,-85.107323,61.997242,129.437067,35.199204,40.200495,44.066184,-81.825249,-1.307375,0,-0.0
677.239,-132.911575,230.761551,183.187622,-155.943413,-85.107323,61.997242,129.437067,35.199204,40.200495,44.066184,-81.825249,-1.307375,0,-0.01
692.568,-132.888367,230.759811,183.186478,-155.93373,-85.105776,61.965672,129.437067,35.199204,40.200495,44.088128,-81.825249,-1.307375,0,-0.01
707.573,-132.84198,230.756332,183.184174,-155.914421,-85.102682,61.902647,129.437067,35.199204,40.200495,44.132074,-81.825249,-1.307375,0,-0.01
722.758,-132.783997,230.751923,183.18129,-155.8903,-85.098786,61.823865,129.437067,35.199204,40.200495,44.187021,-81.825249,-1.307375,0,-0.01
740.346,-132.749207,230.749252,183.17955,-155.875861,-85.096437,61.776653,129.437067,35.199204,40.200495,44.219966,-81.825249,-1.307375,0,-0.01
755.784,-132.737625,230.748367,183.178986,-155.871106,-85.095692,61.760897,129.437067,35.199204,40.200495,44.230967,-81.825249,-1.307375,0,-0.01
770.509,-132.737625,230.748367,183.178986,-155.871106,-85.095692,61.760897,129.437067,35.199204,40.200495,44.230967,-81.825249,-1.307375,0,-0.01
787.1,-132.737625,230.748367,183.178986,-155.871106,-85.095692,61.760897,129.437067,35.199204,40.200495,44.230967,-81.825249,-1.307375,0,-0.01
802.362,-132.726028,230.747467,183.178406,-155.866293,-85.09489,61.745198,129.437067,35.199204,40.200495,44.252911,-81.825249,-1.307375,0,-0.01
817.302,-132.621674,230.739288,183.173203,-155.823264,-85.0879,61.603735,129.437067,35.199204,40.200495,44.340803,-81.825249,-1.307375,0,-0.01
833.389,-132.366653,230.718567,183.160431,-155.719214,-85.070825,61.259158,129.437067,35.199204,40.200495,44.582534,-81.825249,-1.307375,0,-0.01
847.797,-132.053818,230.69165,183.144653,-155.593622,-85.049741,60.83832,129.437067,35.199204,40.200495,44.879154,-81.825249,-1.307375,0,-0.01
862.335,-131.694809,230.658768,183.126434,-155.452273,-85.025447,60.35801,129.437067,35.199204,40.200495,45.21972,-81.825249,-1.307375,0,-0.01
876.78,-131.44014,230.634125,183.113358,-155.125573,-84.998919,59.789865,129.436953,35.199204,40.200495,45.538342,-81.825249,-1.27443,0,-0.01
892.181,-131.0923,230.59935,183.100204,-154.18512,-84.946379,58.51807,129.436953,35.199204,40.200495,45.791016,-81.829832,-1.208483,0,-0.01
908.601,-130.787567,230.571136,183.148117,-152.235173,-84.909309,56.275571,129.436953,35.199204,40.200495,46.076636,-81.889363,-1.054701,0,-0.01
922.462,-130.465759,230.545013,183.269073,-149.825771,-84.919679,53.559751,129.436724,35.199204,40.200495,46.373313,-82.017533,-0.889918,0,-0.01
938.234,-130.15358,230.520401,183.435104,-148.116122,-85.009404,51.557378,129.436724,35.199204,40.200495,46.658933,-82.1869,-0.823971,0,-0.01
953.239,-129.824997,230.496246,183.66951,-146.57561,-85.183583,49.713313,129.436609,35.199204,40.200495,46.955553,-82.420323,-0.823971,0,-0.01
970.365,-129.528687,230.47583,183.950012,-144.637695,-85.390192,47.503358,129.436609,35.199204,40.200495,47.219228,-82.694999,-0.823971,0,-0.01
986.39,-129.337509,230.465775,184.211441,-142.721094,-85.580529,45.413781,129.436552,35.199204,40.200495,47.449958,-83.074927,-0.823971,0,-0.01
1001.259,-129.062927,230.452881,184.69075,-138.799427,-85.917714,41.246258,129.436437,35.199204,40.200495,47.669687,-83.518969,-0.823971,0,-0.01
1016.675,-128.799362,230.436966,185.190491,-134.115955,-86.253811,36.32753,129.436437,35.199204,40.200495,47.83447,-83.88062,-0.834971,0,-0.01
1032.027,-128.458542,230.408157,185.819595,-127.035801,-86.639469,28.942046,129.436437,35.199204,40.200495,48.12009,-84.480278,-0.856916,0,-0.01
1047.179,-128.120468,230.371216,186.399521,-119.149209,-86.948695,20.751271,129.436208,35.199204,40.200495,48.405766,-85.034156,-0.889918,0,-0.01
1062.289,-127.81871,230.33046,186.778625,-113.208897,-87.120525,14.535023,129.436093,35.199204,40.200495,48.757333,-85.496533,-0.933864,0,-0.01
1077.322,-127.44796,230.274689,187.153793,-106.581208,-87.242507,7.565335,129.435979,35.199204,40.200495,49.086899,-85.858127,-0.944807,0,-0.01
1092.27,-127.042564,230.209442,187.51207,-99.689844,-87.298313,0.298969,129.43552,35.199204,40.200495,49.361575,-86.119109,-0.944807,0,-0.01
1107.217,-126.609718,230.134521,187.769669,-94.596936,-87.305876,-5.198446,129.435291,35.199204,40.200495,49.757087,-86.379977,-0.944807,0,-0.01
1122.618,-126.064056,230.035294,187.981094,-90.421334,-87.285937,-9.887074,129.435005,35.199204,40.200495,50.262436,-86.60429,-0.944807,0,-0.01
1137.626,-125.521942,229.931931,188.138031,-87.380647,-87.254711,-13.439126,129.434546,35.199204,40.200495,50.767842,-86.77824,-0.944807,0,0.0
1153.457,-124.915695,229.810547,188.231537,-85.629746,-87.217412,-15.765048,129.434203,35.199204,40.200495,51.339138,-86.8973,-0.944807,0,0.0
1169.284,-124.497826,229.724228,188.261581,-85.099244,-87.193233,-16.692782,129.433802,35.199204,40.200495,51.855488,-86.965941,-0.944807,0,0.0
1185.173,-123.885033,229.592087,188.28978,-84.632856,-87.158798,-17.7433,129.432999,35.199204,40.200495,52.459729,-87.020887,-0.944807,0,0.0
1200.18,-123.249023,229.448425,188.330978,-83.985357,-87.100299,-18.997562,129.432426,35.199204,40.200495,52.921132,-87.08036,-0.922863,0,0.0
1215.086,-122.47683,229.264786,188.368347,-83.470783,-87.024268,-20.250907,129.431452,35.199204,40.200495,53.657211,-87.158225,-0.889918,0,0.0
1231.53,-121.777557,229.089752,188.375015,-83.435718,-86.988057,-20.957822,129.430593,35.199204,40.200495,54.3274,-87.204005,-0.889918,0,0.0
1245.668,-121.080513,228.908051,188.356598,-83.835414,-86.954825,-21.229404,129.42939,35.199204,40.200495,54.997531,-87.226866,-0.889918,0,0.0
1261.224,-120.589211,228.77594,188.340775,-84.16051,-86.93185,-21.377743,129.427843,35.199204,40.200495,55.634775,-87.249784,-0.867916,0,0.0
1276.681,-119.869415,228.573456,188.359497,-83.97533,-86.861891,-22.257978,129.426525,35.199204,40.200495,56.162125,-87.30009,-0.856916,0,0.0
1291.777,-119.046112,228.327087,188.474686,-82.173263,-86.79858,-24.857487,129.425093,35.199204,40.200495,56.953151,-87.455762,-0.845972,0,0.0
1306.986,-118.262192,228.082886,188.666138,-79.17847,-86.733377,-28.609845,129.422572,35.199204,40.200495,57.700173,-87.680075,-0.845972,0,0.0
1321.99,-117.366669,227.789276,188.888977,-75.844028,-86.648121,-32.813637,129.419592,35.199204,40.200495,58.557146,-87.941,-0.845972,0,0.0
1337.517,-116.532585,227.50174,189.0952,-72.913234,-86.559828,-36.55826,129.416727,35.199204,40.200495,59.359115,-88.18359,-0.845972,0,0.0
1353.204,-115.7295,227.205048,189.45076,-68.03765,-86.415786,-42.220057,129.414321,35.199204,40.200495,60.128196,-88.563519,-0.845972,0,0.0
1369.21,-115.196953,227.00145,189.745407,-64.25991,-86.284063,-46.517928,129.410826,35.199204,40.200495,60.798328,-88.975533,-0.845972,0,0.0
1386.061,-114.453972,226.710129,190.163651,-59.355849,-86.072585,-52.147696,129.405555,35.199204,40.200495,61.490461,-89.40124,-0.845972,0,0.0
1400.161,-113.795898,226.445358,190.48848,-55.767873,-85.905854,-56.381453,129.401487,35.199204,40.200495,61.962865,-89.648414,-0.867916,0,0.0
1414.591,-113.091827,226.174103,190.637619,-54.435116,-85.80255,-58.400557,129.392663,35.199204,40.200495,62.633053,-89.831532,-0.867916,0,0.0
1430.635,-112.471466,225.953613,190.605881,-54.967566,-85.799112,-58.463066,129.380287,35.199204,40.200495,63.21535,-89.840699,-0.867916,0,0.0
1445.062,-111.970055,225.791458,190.573624,-55.45796,-85.800487,-58.438601,129.357541,35.199204,40.200495,63.786646,-89.840699,-0.867916,0,0.0
1461.765,-111.36335,225.64888,190.539078,-55.983935,-85.801862,-58.430465,129.318179,35.199204,40.200495,64.25905,-89.840699,-0.867916,0,0.0
1476.203,-110.703934,225.560013,190.50708,-56.473585,-85.803065,-58.447711,129.273488,35.199204,40.200495,64.599616,-89.840699,-0.867916,0,0.0
1492.178,-110.086617,225.560043,190.484085,-56.830996,-85.80381,-58.495668,129.197571,35.199204,40.200495,64.929182,-89.840699,-0.867916,0,0.0
1507.756,-109.346115,225.680618,190.466537,-57.115412,-85.804211,-58.598399,129.074099,35.199204,40.200495,65.192857,-89.840699,-0.867916,0,0.0
1522.95,-108.617592,225.843979,190.453156,-57.339611,-85.804383,-58.716772,128.940141,35.199204,40.200495,65.401585,-89.840699,-0.867916,0,0.0
1538.486,-107.664078,226.052185,190.435455,-57.634741,-85.804612,-58.871242,128.76516,35.199204,40.200495,65.676261,-89.840699,-0.867916,0,0.0
1553.267,-106.903038,226.214462,190.421265,-57.870915,-85.804784,-58.99437,128.581355,35.199204,40.200495,65.983882,-89.840699,-0.867916,0,0.0
1568.216,-105.801781,226.432922,190.39975,-58.225518,-85.805071,-59.168607,128.426083,35.199204,40.200495,66.225613,-89.840699,-0.867916,0,0.0
1584.223,-104.522392,226.646027,190.371964,-58.675576,-85.805529,-59.359573,128.202458,35.199204,40.200495,66.64307,-89.840699,-0.867916,0,0.0
1600.341,-103.106728,226.851364,190.339401,-59.197312,-85.806102,-59.564005,127.959524,35.199204,40.200495,67.126475,-89.840699,-0.867916,0,-0.02
1614.71,-101.712387,227.025803,190.305634,-59.956481,-85.778142,-59.534039,127.723981,35.199204,40.200495,67.620823,-89.840699,-0.834971,0,-0.02
1629.467,-100.075722,227.267899,190.269836,-61.096896,-85.701709,-59.208771,127.434351,35.199204,40.200495,68.148173,-89.840699,-0.74708,0,-0.02
1645.1,-98.997765,227.489212,190.251968,-61.662119,-85.662805,-59.125234,127.155664,35.199204,40.200495,68.488797,-89.840699,-0.692133,0,-0.02
1660.366,-97.615196,227.891266,190.239578,-62.09029,-85.632954,-59.213183,126.92946,35.199204,40.200495,68.642578,-89.840699,-0.670189,0,-0.02
1677.382,-96.001259,228.467697,190.235016,-62.419168,-85.602645,-59.390227,126.461984,35.199204,40.200495,68.79636,-89.840699,-0.626243,0,-0.02
1692.742,-94.42955,229.076111,190.23558,-62.544531,-85.591759,-59.708849,126.176422,35.199204,40.200495,68.840306,-89.840699,-0.626243,0,-0.02
1707.869,-92.634933,229.785629,190.239639,-62.710517,-85.570616,-60.024147,125.738625,35.198975,40.200495,68.884252,-89.840699,-0.604241,0,-0.02
1723.096,-90.908844,230.480423,190.265259,-62.632251,-85.541224,-60.540382,125.312058,35.19886,40.200495,68.895253,-89.859034,-0.582297,0,-0.02
1738.624,-89.137772,231.200119,190.277542,-62.75177,-85.508393,-60.850811,124.870594,35.19886,40.200495,68.884252,-89.86356,-0.549295,0,-0.02
1754.956,-87.349396,231.993591,190.297729,-62.969437,-85.445941,-60.9968,124.407071,35.198631,40.200495,68.785417,-89.868144,-0.483404,0,-0.02
1769.227,-85.764076,232.61232,190.331924,-63.120526,-85.375696,-61.227301,123.896107,35.196339,40.200839,68.763415,-89.904756,-0.384512,0,-0.02
1784.092,-83.881165,233.360641,190.4673,-62.479615,-85.224779,-62.289164,123.540358,35.195594,40.201068,68.719469,-89.996314,-0.307621,0,-0.02
1801.003,-81.946907,234.211807,190.691742,-60.662365,-85.085092,-64.446236,123.030941,35.195136,40.201068,68.543686,-90.184015,-0.252674,0,-0.02
1816.419,-80.018288,235.032257,190.898697,-58.96154,-84.96712,-66.492096,122.526967,35.195136,40.201068,68.378903,-90.357965,-0.219729,0,-0.02
1831.926,-77.67141,235.919937,191.133514,-57.278018,-84.833506,-68.67369,121.936477,35.191526,40.201698,68.280011,-90.545666,-0.186784,0,-0.02
1844.838,-76.184647,236.564438,191.306458,-56.509395,-84.695481,-69.674533,121.418466,35.184593,40.201813,68.038337,-90.705865,-0.087892,0,-0.02
1860.343,-74.212631,237.528519,191.483078,-55.648698,-84.536485,-70.725108,120.99144,35.184479,40.201813,67.75266,-90.79284,-0.011001,0,-0.02
1875.843,-72.027466,238.438477,191.590698,-55.091038,-84.466126,-71.617547,120.416191,35.181843,40.202042,67.510987,-90.856954,0.021944,0,-0.02
1891.344,-69.787285,239.422623,191.777481,-54.593882,-84.346263,-72.400265,119.812923,35.165686,40.202615,67.192365,-90.934762,0.087892,0,-0.02
1906.843,-68.071426,240.393677,191.878906,-54.285918,-84.250923,-72.704849,119.298751,35.163279,40.202615,66.676015,-90.975958,0.164783,0,-0.02
1922.483,-65.858986,241.472794,191.932693,-54.140043,-84.207206,-72.980155,118.673196,35.161732,40.20273,66.181667,-90.975958,0.208729,0,-0.02
1937.488,-63.710987,242.402634,192.034378,-54.012617,-84.146473,-73.326336,118.090841,35.150445,40.203704,65.8191,-90.989709,0.252674,0,-0.02
1953.163,-62.381157,243.056473,192.114441,-53.74304,-84.106938,-73.646162,117.540057,35.143512,40.204162,65.379641,-91.007986,0.274676,0,-0.02
1968.736,-60.121891,243.936432,192.15332,-53.478677,-84.101094,-74.177179,116.966584,35.141392,40.204162,65.13791,-91.007986,0.274676,0,-0.02
1984.484,-57.664604,244.584656,192.205566,-53.474724,-84.089062,-74.740454,116.532855,35.133371,40.204907,65.13791,-91.007986,0.274676,0,-0.02
2000.019,-55.354671,245.185059,192.240265,-53.445045,-84.081442,-75.275138,115.983904,35.128214,40.205136,65.093964,-91.007986,0.274676,0,-0.02
2015.352,-53.160896,245.750046,192.256302,-53.640538,-84.043054,-75.536578,115.45959,35.127584,40.205136,65.028074,-91.007986,0.318622,0,-0.02
2030.789,-50.460217,246.356567,192.309006,-53.839526,-84.004264,-75.965781,114.830425,35.117786,40.20548,65.028074,-91.007986,0.351567,0,-0.02
2045.287,-48.223637,246.912277,192.408585,-54.357022,-83.901934,-75.903844,114.294939,35.098134,40.205881,64.951183,-91.007986,0.450459,0,-0.02
2060.964,-46.602268,247.471069,192.462524,-54.576121,-83.829971,-75.843913,113.731549,35.090571,40.205881,64.610617,-91.007986,0.549295,0,0.0
2076.659,-44.320786,248.109283,192.532532,-54.769666,-83.762705,-75.997237,113.155899,35.076075,40.205995,64.434834,-91.007986,0.615242,0,0.0
2091.158,-41.928547,248.769989,192.675797,-55.143521,-83.651609,-75.985605,112.704351,35.054647,40.206339,64.237049,-91.007986,0.692133,0,0.0
2106.567,-40.169128,249.481308,192.78775,-55.537487,-83.514615,-75.615704,112.213784,35.038604,40.206454,63.775646,-91.007986,0.834971,0,0.0
2122.533,-37.908379,250.235977,192.925034,-55.405305,-83.462132,-75.916048,111.615616,35.016602,40.206568,63.347188,-91.007986,0.867916,0,0.0
2137.697,-35.644436,250.886841,193.151459,-55.386398,-83.387705,-76.202699,111.038934,34.971911,40.206683,63.039567,-91.007986,0.900862,0,0.0
2153.202,-34.134697,251.458008,193.28093,-55.432062,-83.354702,-76.186599,110.50425,34.939826,40.206683,62.523217,-90.957623,0.933864,0,0.0
2168.935,-32.292248,252.125565,193.321182,-55.534622,-83.361635,-76.114349,109.980395,34.927278,40.206683,62.094702,-90.925595,0.933864,0,0.0
2185.277,-29.913761,252.68483,193.438004,-55.451486,-83.321356,-76.511867,109.399129,34.90837,40.206798,61.853029,-90.925595,0.966809,0,0.0
2200.277,-27.978264,253.127884,193.490463,-55.644458,-83.250137,-76.555985,109.045901,34.905105,40.206798,61.666244,-90.925595,1.032699,0,0.0
2215.917,-26.008339,253.589249,193.520645,-55.796349,-83.184763,-76.611275,108.550063,34.90499,40.206798,61.380625,-90.925595,1.109647,0,0.0
2231.171,-23.875141,253.945206,193.54332,-56.141957,-83.100424,-76.616604,108.041735,34.90436,40.206798,61.226786,-90.925595,1.208483,0,0.0
2246.921,-21.600668,254.306168,193.571854,-56.619804,-82.987207,-76.510549,107.500461,34.902698,40.206912,61.062003,-90.925595,1.34032,0,0.0
2262.328,-20.179478,254.578369,193.591187,-56.931436,-82.903613,-76.369888,107.036595,34.902584,40.206912,60.831273,-90.925595,1.472158,0,0.0
2277.278,-18.286726,254.91777,193.600449,-57.343851,-82.817841,-76.196683,106.52311,34.902584,40.206912,60.633545,-90.902734,1.582051,0,0.0
2292.926,-15.96461,255.14325,193.600052,-57.858653,-82.730293,-76.153482,106.036211,34.902011,40.207084,60.611544,-90.89815,1.691887,0,0.0
2307.897,-13.860352,255.288757,193.61264,-58.307852,-82.634093,-76.172447,105.684071,34.901151,40.207084,60.611544,-90.89815,1.768778,0,0.0
2322.889,-11.723041,255.443741,193.623322,-58.766791,-82.529356,-76.160988,105.199463,34.901037,40.207084,60.578598,-90.89815,1.889672,0,0.0
2338.408,-9.702878,255.618759,193.637405,-59.134859,-82.434131,-76.168322,104.732216,34.901037,40.207084,60.490707,-90.89815,1.999508,0,0.0
2354.652,-7.263145,255.745056,193.653763,-59.577355,-82.326701,-76.249682,104.182234,34.900063,40.207772,60.468762,-90.89815,2.120345,0,0.0
2370.317,-5.091741,255.898849,193.697266,-60.51924,-82.080387,-75.711159,103.681411,34.893989,40.208975,60.380871,-90.89815,2.395021,0,0.0
2385.788,-3.484775,256.100708,193.73053,-61.125716,-81.884951,-75.290837,103.16764,34.892442,40.209433,60.106195,-90.902734,2.713643,0,0.0
2401.265,-1.389281,256.350891,193.758606,-61.939259,-81.625114,-74.713926,102.645675,34.892385,40.20972,59.875465,-90.902734,2.966317,0,0.0
2415.944,1.050905,256.493042,193.782974,-62.471078,-81.448529,-74.600079,102.210342,34.891812,40.210293,59.776629,-90.902734,3.109155,0,0.0
2431.229,3.081173,256.639648,193.809464,-62.897817,-81.291252,-74.472367,101.728886,34.891067,40.211267,59.600846,-90.902734,3.284939,0,0.0
2445.344,5.232804,256.78537,193.837418,-63.201771,-81.163482,-74.476607,101.217349,34.89038,40.212183,59.403061,-90.902734,3.42772,0,0.0
2461.146,6.932565,256.780975,193.888626,-63.096118,-81.116099,-74.941848,100.834728,34.888947,40.213272,59.381117,-90.934762,3.460665,0,0.0
2475.775,9.397071,256.735229,194.030197,-62.641017,-81.06671,-75.947561,100.284402,34.879092,40.215564,59.381117,-91.01257,3.460665,0,0.0
2490.78,11.331284,256.885895,194.111877,-62.389833,-81.051183,-76.41647,99.813201,34.872274,40.217741,59.128442,-91.030904,3.460665,0,0.0
2507.407,13.410625,257.16153,194.177673,-62.139737,-81.049005,-76.757723,99.281267,34.868206,40.220262,58.688984,-91.030904,3.460665,0,0.0
2521.383,15.504347,257.321136,194.261292,-61.9655,-81.03726,-77.147106,98.768413,34.858981,40.225361,58.392306,-91.030904,3.460665,0,-0.01
2536.388,16.96907,257.440552,194.359436,-61.838017,-81.018753,-77.424303,98.409168,34.84523,40.23195,58.183578,-91.030904,3.460665,0,-0.01
2552.811,18.907875,257.585388,194.480347,-61.664812,-80.997439,-77.786985,97.819709,34.824031,40.241519,57.843012,-91.030904,3.460665,0,-0.01
2568.017,20.905983,257.629272,194.637527,-61.564888,-80.960713,-78.21126,97.464877,34.804264,40.252176,57.75512,-91.030904,3.460665,0,-0.01
2583.558,23.257601,257.562561,194.872391,-61.534006,-80.898318,-78.76743,96.938959,34.764787,40.273375,57.75512,-91.030904,3.460665,0,-0.01
2598.212,25.293776,257.51236,195.184433,-61.495961,-80.819192,-79.26069,96.482941,34.706918,40.293142,57.75512,-91.030904,3.460665,0,-0.01
2614.063,27.350082,257.408508,195.522644,-61.501863,-80.727118,-79.732291,96.026237,34.638679,40.305518,57.777121,-91.030904,3.471666,0,-0.01
2628.806,28.835752,257.356659,195.869553,-61.716321,-80.56732,-79.846424,95.583684,34.532338,40.319269,57.777121,-91.021737,3.614504,0,-0.01
2644.246,30.878048,257.307526,196.354965,-62.452801,-80.307885,-79.559086,95.23544,34.45476,40.33365,57.777121,-90.971374,3.735341,0,-0.01
2659.078,32.673805,257.252014,196.957581,-62.62125,-80.095546,-79.817605,94.836719,34.329282,40.353016,57.810066,-90.96679,3.812232,0,-0.01
2674.978,34.573105,257.159241,197.768173,-62.597874,-79.892662,-80.340887,94.422241,34.156363,40.370893,57.897958,-90.96679,3.823233,0,-0.01
2690.114,36.368717,257.041718,198.550797,-62.612026,-79.690637,-80.851335,94.038245,33.992898,40.396504,58.040797,-90.96679,3.834234,0,-0.01
2705.117,38.43124,256.839233,199.644684,-62.67677,-79.413612,-81.533785,93.618668,33.765262,40.439476,58.370362,-90.96679,3.834234,0,-0.01
2720.543,39.913929,256.606689,200.349045,-62.794054,-79.227458,-82.03455,93.237995,33.561461,40.491558,58.79882,-90.96679,3.834234,0,-0.01
2736.479,41.882431,256.403656,201.61618,-62.859429,-78.916628,-82.726282,92.933239,33.355597,40.523299,59.062495,-90.96679,3.823233,0,-0.01
2751.985,43.599133,256.343903,202.831573,-62.502992,-78.753393,-83.627717,92.568379,33.105444,40.569423,59.238278,-90.96679,3.669451,0,-0.01
2767.841,45.524109,256.209595,204.20842,-62.164316,-78.558186,-84.567597,92.1586,32.81209,40.603628,59.425063,-90.96679,3.515612,0,-0.01
2784.068,47.303764,256.06308,205.618057,-62.032135,-78.291818,-85.314046,91.788011,32.513808,40.644709,59.666736,-90.96679,3.42772,0,-0.01
2799.797,49.22876,255.83577,207.124878,-62.049438,-77.96294,-85.990193,91.391524,32.191347,40.684358,59.963356,-90.96679,3.383774,0,-0.01
2814.596,50.898895,255.764206,208.673309,-61.682058,-77.753581,-86.885841,91.035144,31.867511,40.731169,60.128196,-90.96679,3.197047,0,-0.01
2829.673,52.264858,255.795135,210.029984,-61.186793,-77.631312,-87.746939,90.643699,31.505631,40.793678,60.194087,-90.943929,2.867425,0,-0.01
2845.113,53.922115,255.871567,211.725708,-60.38385,-77.629536,-88.980861,90.366044,31.235138,40.841807,60.227032,-90.911844,2.515858,0,-0.01
2860.683,55.697723,255.919296,213.607101,-59.889674,-77.533909,-90.005711,89.982964,30.841172,40.922422,60.358869,-90.834036,2.120345,0,-0.01
2875.751,57.629684,255.828995,215.339996,-59.706901,-77.472832,-90.827963,89.576164,30.464567,41.00023,60.578598,-90.705865,1.735833,0,-0.01
2890.032,59.351074,255.803406,217.12262,-59.413374,-77.425105,-91.696337,89.21394,30.084982,41.085772,60.776384,-90.586862,1.318376,0,-0.01
2905.04,60.767502,255.756134,218.416702,-59.071949,-77.434329,-92.464846,88.813901,29.720409,41.168507,60.908221,-90.472385,0.75808,0,-0.01
2920.543,62.596855,255.812027,220.176926,-57.887358,-77.690327,-94.169338,88.511895,29.453239,41.252446,60.974111,-90.3763,0.197728,0,-0.01
2936.016,64.599289,255.82753,222.077362,-56.647306,-78.019376,-95.987619,88.078625,29.053544,41.361537,61.084005,-90.193183,-0.681132,0,-0.01
2952.021,66.507431,255.861771,223.791321,-55.84018,-78.362979,-97.357275,87.670048,28.681981,41.479738,61.215842,-89.927674,-1.505103,0,-0.01
2968.599,68.478302,255.931564,225.456131,-56.544689,-78.484618,-97.118753,87.240101,28.282228,41.587626,61.270732,-89.501966,-1.977564,0,-0.01
2982.94,70.410522,255.982544,226.932495,-57.710314,-78.564775,-96.404389,86.820467,27.91777,41.697519,61.336679,-89.039589,-2.340074,0,-0.02
2999.271,72.685791,255.892868,228.499252,-59.400769,-78.588152,-95.243977,86.326061,27.510339,41.796698,61.424571,-88.504046,-2.636694,0,-0.02
3014.53,74.338211,255.82103,229.571045,-60.381215,-78.695524,-94.631829,85.845522,27.139979,41.904701,61.468517,-87.977612,-3.032207,0,-0.02
3028.558,76.609711,255.799957,231.047104,-62.139622,-78.814012,-93.306864,85.462098,26.838604,41.977237,61.468517,-87.501542,-3.317884,0,-0.02
3043.75,78.766045,255.725143,232.178116,-63.901353,-79.067717,-91.947236,84.98385,26.508351,42.0704,61.468517,-86.865215,-3.757343,0,-0.02
3058.593,81.299179,255.681625,233.529465,-65.578973,-79.280285,-90.638142,84.410148,26.147674,42.182356,61.34768,-86.215194,-4.207745,0,-0.02
3073.622,83.573303,255.757523,234.738083,-66.902276,-79.567795,-89.547975,83.886464,25.836672,42.299354,61.138894,-85.601785,-4.713151,0,-0.02
3090.602,85.85022,255.946487,236.103867,-68.416547,-79.696539,-88.144973,83.351608,25.504643,42.427124,60.809329,-84.974683,-5.075661,0,-0.02
3105.453,87.610634,255.986557,237.103592,-69.506656,-79.657176,-87.209562,82.80134,25.206361,42.557758,60.589599,-84.466527,-5.240501,0,-0.02
3121.501,90.41098,255.785706,238.531387,-70.746766,-79.481106,-86.370466,82.173091,24.916445,42.698591,60.380871,-84.059154,-5.350337,0,-0.02
3136.456,92.602394,255.952469,240.03508,-70.615788,-79.372875,-86.528716,81.792418,24.721353,42.804187,60.018303,-83.889787,-5.504176,0,-0.02
3151.803,94.902206,256.201385,241.676926,-69.489353,-79.271461,-87.581412,81.236305,24.485122,42.960146,59.403061,-83.752449,-5.712905,0,-0.02
3167.31,97.341446,256.347137,243.269745,-67.743378,-79.281603,-89.304124,80.651086,24.281321,43.117595,58.787819,-83.697503,-6.04247,0,-0.02
3181.703,99.708687,256.744476,245.196243,-65.142207,-79.296843,-91.71026,80.070451,24.059529,43.313719,57.98585,-83.697503,-6.459985,0,-0.02
3198.991,101.760872,257.276398,246.845474,-62.31489,-79.400205,-94.229441,79.556278,23.903742,43.511446,57.128934,-83.697503,-6.921387,0,-0.02
3213.484,103.624908,257.536499,248.222198,-60.488415,-79.34205,-95.955133,78.894455,23.714551,43.729972,56.392798,-83.697503,-7.240009,0,-0.02
3228.008,106.40036,257.657867,249.880692,-58.126339,-79.256965,-98.226166,78.440271,23.610273,43.873441,55.766612,-83.702086,-7.459739,0,-0.02
3243.468,108.425552,258.199066,251.554977,-54.893196,-79.34331,-101.106482,77.930969,23.469898,44.085722,54.85475,-83.702086,-7.965087,0,-0.02
3258.468,110.913094,258.431366,252.953949,-51.710587,-79.497493,-104.067642,77.31968,23.361323,44.273939,53.975833,-83.660891,-8.492438,0,-0.02
3273.969,113.231224,258.69342,254.175919,-48.778991,-79.640561,-106.840013,76.761791,23.294287,44.482667,53.217752,-83.601361,-8.997787,0,-0.02
3289.468,115.147774,259.191284,255.340042,-45.572948,-79.683418,-109.663377,76.276783,23.257044,44.685781,52.294947,-83.59225,-9.4043,0,-0.02
3304.968,116.584076,259.413269,255.98735,-44.447258,-79.590369,-110.616779,75.800712,23.252117,44.867809,51.613757,-83.555581,-9.47019,0,-0.02
3320.469,118.968185,259.319794,256.751038,-43.52938,-79.413096,-111.545257,75.252964,23.252002,45.042619,51.064462,-83.518969,-9.47019,0,-0.02
3336.468,120.859108,259.551575,257.518585,-42.288697,-79.377401,-112.655248,74.928498,23.252002,45.195999,50.614003,-83.427411,-9.624029,0,-0.02
3352.971,122.742386,259.929626,258.057068,-40.913083,-79.594266,-113.696141,74.347863,23.251888,45.425297,49.669196,-83.001703,-9.964595,0,-0.02
3368.005,124.804543,260.200867,258.661896,-39.711304,-79.784946,-114.7034,73.982029,23.251372,45.585152,49.196792,-82.754529,-10.173324,0,-0.02
3382.97,127.035461,260.402618,259.361969,-38.64119,-79.975569,-115.741027,73.484817,23.251372,45.83353,48.702387,-82.411213,-10.491946,0,-0.02
3399.477,128.981049,260.642578,259.935913,-38.881374,-80.142071,-115.52273,73.070282,23.251372,46.085001,48.383765,-81.980921,-10.656729,0,-0.02
3414.97,131.032822,260.870514,260.354401,-41.125765,-80.343809,-113.420147,72.660044,23.251258,46.371422,48.262928,-81.326317,-10.656729,0,-0.02
3429.468,132.976685,261.095947,260.906586,-43.66878,-80.403912,-111.099209,72.289054,23.251258,46.67784,48.251927,-80.758688,-10.590838,0,-0.02
3444.467,134.681961,261.177216,261.501709,-45.44982,-80.385177,-109.626651,71.974385,23.251258,46.948219,48.339819,-80.387869,-10.579838,0,-0.0
3459.995,136.697021,261.233398,262.329773,-47.247647,-80.305765,-108.270288,71.613479,23.251258,47.283743,48.515602,-80.030802,-10.601782,0,-0.0
3477.358,138.703171,261.249756,263.493408,-46.763899,-80.198793,-109.197448,71.168234,23.251258,47.701659,48.614495,-79.957578,-10.920404,0,-0.0
3490.928,140.476257,261.30426,264.679199,-45.650584,-80.113938,-110.710114,70.929597,23.251258,47.944421,48.669442,-79.957578,-11.184079,0,-0.0
3505.822,142.458847,261.206482,265.961487,-44.512289,-80.038995,-112.44079,70.587025,23.251258,48.29742,48.900172,-79.985023,-11.601536,0,-0.0
3522.337,144.34407,261.047363,267.161652,-43.192767,-80.093083,-114.448033,70.276998,23.251258,48.646695,49.262682,-79.985023,-12.172832,0,-0.0
3536.39,145.728561,260.996033,268.146149,-41.54729,-80.236494,-116.637935,70.059388,23.251258,48.936153,49.570303,-79.975913,-12.788074,0,-0.0
3552.66,147.467056,260.855804,269.310211,-38.469876,-80.555975,-120.414987,69.781504,23.251258,49.280386,49.954815,-79.962162,-13.765884,0,-0.0
3568.164,149.015823,260.919312,270.602722,-35.906921,-80.705746,-123.569292,69.544127,23.251258,49.648512,50.273437,-79.962162,-14.567853,0,-0.0
3582.863,150.544342,260.932037,271.802216,-34.597598,-80.688558,-125.387344,69.297928,23.251258,49.984494,50.51511,-79.962162,-15.062258,0,-0.0
3598.374,151.976929,261.197571,273.173584,-34.020744,-80.519478,-126.307515,69.068171,23.251258,50.354854,50.614003,-79.948411,-15.358879,0,-0.0
3614.359,153.544556,261.291504,274.327271,-34.197444,-80.380937,-126.469203,68.800543,23.251258,50.686196,50.701895,-79.856852,-15.534662,0,-0.0
3630.35,155.09552,261.513092,275.5383,-34.419179,-80.303129,-126.563283,68.545347,23.251258,51.052258,50.800787,-79.687486,-15.765392,0,-0.0
3645.874,156.320908,261.516541,276.252502,-34.776074,-80.331032,-126.495273,68.274854,23.251258,51.375922,50.976571,-79.454063,-15.996065,0,-0.0
3661.335,157.891022,261.676819,277.303497,-35.11412,-80.363862,-126.459979,68.011293,23.251258,51.713853,51.053462,-79.165636,-16.270741,0,-0.0
3677.109,159.535645,261.717163,277.997955,-35.845959,-80.533573,-125.929878,67.780048,23.251258,51.924701,51.064462,-78.836071,-16.42458,0,-0.0
3692.11,161.072601,261.96698,278.791626,-37.270675,-80.57918,-124.553977,67.501991,23.251258,52.227567,50.96557,-78.396612,-16.446524,0,-0.0
3706.701,162.713959,262.278473,279.414307,-38.547455,-80.726201,-123.101243,67.17678,23.251258,52.498404,50.625004,-77.810648,-16.446524,0,-0.0
3721.222,164.407043,262.675262,280.02005,-39.851908,-80.982428,-121.574196,66.843434,23.251258,52.790956,50.262436,-77.105738,-16.523415,0,-0.0
3738.079,166.173477,263.115234,280.378754,-42.042382,-81.421371,-119.078449,66.490778,23.251258,53.079097,49.877924,-76.153539,-16.611307,0,-0.0
3754.649,167.964874,263.525482,280.804108,-45.346745,-81.795856,-115.592631,66.151874,23.251258,53.404021,49.658195,-75.178537,-16.655253,0,-0.0
3768.981,169.495682,263.708069,281.053772,-48.379697,-82.071506,-112.437581,65.763809,23.251258,53.721497,49.40552,-74.043279,-16.655253,0,-0.0
3784.372,171.328094,264.16745,281.319427,-52.703752,-82.505407,-107.78631,65.49005,23.251258,53.953774,49.141845,-73.246753,-16.699199,0,-0.0
3800.293,173.414291,264.588226,281.817932,-55.304006,-83.058999,-104.811972,65.064743,23.251258,54.29159,48.64744,-72.161857,-16.995876,0,-0.0
3815.391,175.474365,264.96286,282.16629,-57.744234,-83.803214,-101.939104,64.631931,23.251258,54.60007,48.098145,-71.017431,-17.457279,0,-0.0
3829.629,177.679031,265.249237,282.704834,-60.81311,-84.346492,-98.492476,64.17431,23.251258,54.934277,47.559794,-69.955454,-17.775901,0,-0.0
3844.934,179.071899,265.65564,283.052246,-63.87259,-84.708601,-94.99835,63.774958,23.251258,55.248487,46.900606,-68.879726,-17.940684,0,-0.0
3861.902,181.015732,265.993195,283.68515,-67.524165,-85.002242,-90.921584,63.327707,23.251258,55.562353,46.274421,-67.973306,-18.05052,0,-0.0
3876.847,183.082733,266.108521,284.29657,-70.509962,-85.278924,-87.545602,63.02318,23.251258,55.77515,45.845963,-67.355371,-18.127468,0,-0.0
3892.223,184.860779,266.25473,285.195282,-70.689356,-85.53601,-87.104138,62.659524,23.251372,56.068389,45.340557,-66.81977,-18.347197,0,-0.0
3906.32,186.605072,266.294891,286.044128,-70.524114,-85.722049,-87.023179,62.296784,23.251487,56.330632,44.824207,-66.357394,-18.478978,0,0.04
3921.824,188.19249,266.347992,286.951294,-69.940156,-85.856465,-87.431641,61.977933,23.251487,56.594995,44.40675,-65.977465,-18.610815,0,0.04
3937.059,189.774826,266.335754,287.775635,-69.239257,-86.029785,-87.945928,61.653181,23.251487,56.837127,43.967292,-65.597537,-18.753653,0,0.04
3952.855,191.290573,266.27121,288.649567,-67.915667,-86.20362,-89.188157,61.354899,23.251487,57.082353,43.64867,-65.295416,-18.962382,0,0.04
3968.683,192.442276,266.110443,289.191132,-67.55774,-86.33414,-89.540412,61.127836,23.251601,57.246333,43.472886,-65.061936,-19.116221,0,0.04
3984.579,193.772308,265.935638,289.85788,-68.583736,-86.412521,-88.592854,60.882266,23.251659,57.465089,43.406996,-64.755232,-19.270003,0,0.04
4000.291,195.132385,265.631165,290.295929,-72.240524,-86.394301,-85.050371,60.625638,23.251659,57.654795,43.406996,-64.366136,-19.292005,0,0.04
4015.815,196.296326,265.464966,290.742737,-75.662629,-86.34749,-81.686306,60.409118,23.251888,57.842553,43.384995,-63.986208,-19.292005,0,0.04
4031.09,197.457687,265.268311,291.053833,-79.053451,-86.360553,-78.267525,60.175523,23.25269,57.997366,43.253157,-63.574194,-19.292005,0,0.04
4045.956,198.230209,265.124115,291.24762,-81.23917,-86.369893,-76.057454,59.963929,23.253549,58.134361,43.121319,-63.2126,-19.292005,0,0.04
4059.735,199.28212,264.795532,291.333649,-84.925638,-86.417276,-72.373221,59.796626,23.254008,58.192516,43.055429,-62.928757,-19.32495,0,0.04
4075.235,200.087143,264.43631,291.280518,-88.355019,-86.430855,-68.994546,59.624681,23.254122,58.242592,43.033428,-62.644971,-19.346951,0,0.04
4090.735,200.892609,263.915527,291.127197,-91.148647,-86.425126,-66.308578,59.446262,23.254409,58.252046,43.033428,-62.448102,-19.346951,0,0.04
4106.234,201.556961,263.470642,290.922363,-93.8553,-86.319644,-63.685061,59.296262,23.25819,58.252275,43.033428,-62.260459,-19.248059,0,0.04
4121.732,202.284012,263.002625,290.605133,-97.832601,-86.251634,-59.775254,59.129531,23.265524,58.252275,43.033428,-61.981199,-19.204113,0,0.04
4137.502,202.878433,262.65979,290.21228,-102.974782,-86.183108,-54.63313,58.986693,23.270051,58.252275,43.022484,-61.605855,-19.193112,0,0.04
4153.006,203.358673,262.418091,289.893524,-107.282279,-86.134063,-50.271718,58.810565,23.271999,58.252275,42.923592,-61.129784,-19.182111,0,0.04
4168.876,204.014008,262.131165,289.309479,-114.355271,-85.925507,-43.064081,58.650309,23.274405,58.252275,42.824699,-60.493457,-19.09422,0,0.04
4185.4,204.696304,261.826965,288.640991,-120.978893,-85.533088,-36.295444,58.439575,23.275207,58.252504,42.703862,-59.751878,-18.929437,0,0.04
4200.39,205.449646,261.539551,287.827942,-127.748446,-85.010206,-29.280321,58.292898,23.275551,58.252504,42.561024,-59.065245,-18.786599,0,0.04
4214.95,206.18631,261.286255,287.154999,-132.61366,-84.56605,-24.121294,58.076263,23.276525,58.252791,42.264404,-58.287054,-18.610815,0,0.04
4231.836,207.005676,261.015839,286.583313,-136.347683,-84.216832,-20.036964,57.834245,23.282885,58.252791,41.824945,-57.595838,-18.424088,0,0.04
4247.23,207.794449,260.743713,286.215729,-139.082812,-84.120174,-16.99135,57.608557,23.301792,58.252791,41.341541,-57.17013,-18.336196,0,0.04
4262.261,208.630859,260.485687,286.010437,-140.312838,-84.174089,-15.411934,57.372155,23.335597,58.252791,40.704354,-56.945817,-18.149412,0,0.04
4277.029,209.213348,260.311432,286.01886,-140.26299,-84.302202,-15.210311,57.152941,23.364417,58.252791,40.012221,-56.909205,-17.918682,0,0.04
4292.062,210.075485,260.086884,286.115387,-140.675864,-84.629419,-14.366057,56.959912,23.387564,58.252791,39.353033,-56.909205,-17.786844,0,0.04
4307.06,210.774948,259.925873,286.33252,-140.495267,-84.906272,-14.131374,56.748433,23.393179,58.25302,38.573008,-56.909205,-17.567115,0,0.04
4322.552,211.540939,259.648865,286.543243,-140.163525,-85.137117,-14.136129,56.527959,23.393867,58.253135,37.891819,-56.909205,-17.358387,0,0.04
4338.266,212.240265,259.31723,286.690063,-138.645989,-85.204668,-15.468543,56.337336,23.394153,58.253593,37.419415,-56.909205,-17.072767,0,0.04
4353.271,212.875839,258.985809,286.806641,-136.995412,-85.222201,-16.992496,56.168027,23.394497,58.254338,37.045904,-56.909205,-16.798091,0,0.04
4368.96,213.300308,258.72644,286.86084,-135.446363,-85.165822,-18.512381,56.022381,23.394841,58.254682,36.837176,-56.909205,-16.523415,0,-0.02
4384.803,213.954544,258.240631,286.885437,-134.471476,-85.115573,-19.562212,55.881949,23.395414,58.254682,36.760227,-56.904621,-16.42458,0,-0.02
4400.477,214.349869,257.93042,286.875427,-134.529516,-85.110245,-19.572238,55.817778,23.396044,58.254911,36.749284,-56.89087,-16.42458,0,-0.02
4415.305,214.730316,257.63385,286.799438,-134.757955,-85.03513,-19.402127,55.729256,23.397133,58.254911,36.738283,-56.817646,-16.380634,0,-0.02
4432.201,215.060989,257.386017,286.659912,-135.310114,-84.914293,-18.883314,55.649271,23.399539,58.254911,36.727282,-56.689476,-16.325688,0,-0.02
4448.027,215.26088,257.307526,286.537201,-135.717372,-84.83024,-18.393721,55.589511,23.406128,58.25514,36.595445,-56.565831,-16.226795,0,-0.02
4463.609,215.469452,257.210083,286.411774,-136.271652,-84.782227,-17.78123,55.53107,23.41667,58.25514,36.485609,-56.469746,-16.171848,0,-0.02
4478.268,215.662003,257.09021,286.298889,-136.600243,-84.741432,-17.449372,55.464606,23.431854,58.255197,36.430662,-56.391881,-16.127902,0,-0.02
4492.726,215.902954,256.936249,286.179413,-136.537504,-84.648727,-17.509189,55.423067,23.439646,58.255197,36.386716,-56.341576,-16.040011,0,-0.02
4508.399,216.147293,256.802765,286.083984,-136.631584,-84.577222,-17.369387,55.356604,23.446579,58.255197,36.27688,-56.254601,-15.941176,0,-0.02
4524.419,216.470367,256.654297,285.97287,-137.952653,-84.576878,-15.929487,55.261665,23.450876,58.255197,36.068094,-56.108095,-15.930175,0,-0.02
4538.698,216.690842,256.644165,285.865601,-139.419367,-84.570748,-14.230897,55.178414,23.451965,58.255427,35.74953,-55.915811,-15.875228,0,-0.02
4554.0,216.963974,256.629028,285.713257,-140.592556,-84.480163,-12.769167,55.073563,23.452308,58.255541,35.354017,-55.654886,-15.710445,0,-0.02
4570.872,217.310028,256.521698,285.499268,-142.259347,-84.354743,-10.867749,54.955362,23.452538,58.255541,35.024394,-55.352765,-15.600609,0,-0.02
4586.427,217.56102,256.556091,285.127869,-145.100416,-84.135472,-7.647898,54.84014,23.452939,58.255885,34.584936,-54.867527,-15.490716,0,-0.02
4602.34,217.701385,256.609741,284.846222,-146.672726,-83.930238,-5.793692,54.736606,23.453168,58.255885,34.178479,-54.386873,-15.314933,0,-0.02
4617.0,218.033127,256.526886,284.415009,-148.183731,-83.560681,-3.981885,54.634562,23.453741,58.255885,33.903803,-53.988667,-15.128148,0,-0.02
4633.033,218.409195,256.368591,284.083038,-148.236959,-83.203098,-3.712595,54.504386,23.4546,58.256114,33.596182,-53.58582,-14.798583,0,-0.02
4648.546,218.780777,256.242249,283.871796,-148.56068,-83.010412,-3.132933,54.373637,23.457694,58.256229,33.20067,-53.292867,-14.534908,0,-0.02
4662.055,219.266083,256.02359,283.766541,-148.395782,-82.927963,-3.083315,54.223007,23.466461,58.256229,32.783213,-53.132611,-14.260232,0,-0.02
4677.435,219.675491,255.945694,283.761047,-148.386157,-83.02571,-2.760683,54.081945,23.486571,58.256515,32.189915,-53.091415,-13.996557,0,-0.02
4692.643,219.84964,256.002655,283.849884,-147.842019,-83.111711,-3.009002,54.002876,23.492301,58.25663,31.706568,-53.091415,-13.732882,0,-0.02
4707.648,220.27533,255.903915,283.992371,-147.370131,-83.2467,-3.132991,53.853678,23.495452,58.257203,31.069324,-53.091415,-13.425318,0,-0.02
4724.905,220.623901,255.868698,284.151794,-147.307793,-83.416123,-2.819869,53.719721,23.496025,58.258177,30.421137,-53.091415,-13.172586,0,-0.02
4738.188,220.916458,255.907486,284.329498,-147.15298,-83.596318,-2.533906,53.590748,23.496484,58.259838,29.696059,-53.091415,-12.875966,0,-0.02
4753.671,221.314896,255.804657,284.468689,-145.962316,-83.667136,-3.391452,53.446592,23.497687,58.260411,29.080817,-53.091415,-12.480453,0,-0.02
4769.176,221.614075,255.825867,284.60379,-145.033494,-83.776972,-3.886831,53.314124,23.503187,58.260812,28.355739,-53.091415,-12.073997,0,-0.02
4785.381,221.83551,255.839417,284.664307,-144.396136,-83.85054,-4.209693,53.179078,23.515792,58.261156,27.652605,-53.091415,-11.711429,0,-0.02
4801.758,222.242523,255.728058,284.768036,-144.817948,-84.033657,-3.432533,53.027187,23.520605,58.262703,27.004418,-53.091415,-11.546647,0,-0.02
4816.488,222.508286,255.705948,284.902618,-145.830765,-84.23826,-2.10476,52.959291,23.521178,58.268089,26.663794,-53.091415,-11.502701,0,-0.02
4832.198,222.787491,255.561234,284.974304,-146.150475,-84.317959,-1.69097,52.877645,23.521522,58.273876,26.444065,-53.091415,-11.458755,0,-0.02
4847.066,223.121552,255.296417,284.995087,-146.234528,-84.334804,-1.656937,52.800868,23.522037,58.277428,26.41112,-53.091415,-11.458755,0,-0.02
4861.042,223.253662,255.197098,285.008362,-146.249826,-84.341278,-1.662208,52.763913,23.523183,58.281038,26.400119,-53.091415,-11.458755,0,-0.02
4876.109,223.400818,255.074509,285.001221,-146.257619,-84.340648,-1.68696,52.73876,23.524673,58.281496,26.400119,-53.091415,-11.458755,0,-0.02
4891.614,223.581711,254.928848,284.965759,-146.120109,-84.325006,-1.865035,52.69934,23.531835,58.282814,26.400119,-53.091415,-11.436753,0,-0.02
4907.193,223.730621,254.814941,284.945312,-145.86795,-84.304953,-2.15054,52.667484,23.537679,58.285793,26.400119,-53.091415,-11.403808,0,-0.02
4922.84,223.876923,254.675064,284.903687,-145.643179,-84.267252,-2.461599,52.64342,23.543924,58.2882,26.477067,-53.091415,-11.403808,0,-0.02
4937.912,224.122971,254.422592,284.783905,-145.311264,-84.189043,-2.964197,52.605833,23.559509,58.289518,26.64185,-53.091415,-11.414809,0,-0.02
4953.705,224.382492,254.162369,284.584564,-146.835504,-84.187439,-1.598839,52.563893,23.581797,58.290262,26.806633,-53.054803,-11.623537,0,-0.02
4969.441,224.66687,253.931473,284.301147,-148.468262,-84.180793,-0.051394,52.50654,23.619612,58.290606,26.861579,-53.00444,-11.777319,0,-0.02
4986.339,224.965881,253.716797,284.008606,-148.914538,-84.137076,0.333748,52.443228,23.666996,58.291466,26.861579,-52.986163,-11.777319,0,-0.02
5002.281,225.192795,253.575211,283.754639,-149.439368,-84.122065,0.842936,52.37688,23.724864,58.292039,26.784688,-52.967828,-11.744374,0,-0.02
5016.998,225.393951,253.499847,283.374481,-149.507321,-84.040361,0.957126,52.339408,23.772649,58.292382,26.696797,-52.9358,-11.656483,0,-0.02
5032.153,225.571091,253.428314,282.921448,-150.183525,-83.957568,1.644618,52.298556,23.842321,58.292783,26.64185,-52.880853,-11.623537,0,-0.02
5046.81,225.701324,253.378876,282.390808,-151.135208,-83.825043,2.588451,52.271283,23.9148,58.292898,26.64185,-52.780127,-11.623537,0,-0.02
5060.591,225.769501,253.376389,281.882965,-151.994187,-83.671089,3.45654,52.252949,23.998223,58.293242,26.64185,-52.601651,-11.612537,0,-0.02
5076.65,225.810349,253.410278,281.219513,-152.952573,-83.446605,4.43922,52.245787,24.060962,58.293586,26.64185,-52.478007,-11.579592,0,-0.02
5091.149,225.856689,253.465454,280.413086,-153.434545,-83.19542,4.93712,52.238338,24.172001,58.294674,26.64185,-52.326975,-11.480699,0,-0.02
5106.737,225.904617,253.502701,279.808075,-153.690715,-83.058139,5.1918,52.23364,24.266138,58.295132,26.64185,-52.276612,-11.414809,0,-0.02
5122.115,225.962646,253.585037,278.93396,-154.178302,-82.932547,5.685632,52.231749,24.415164,58.295992,26.619848,-52.272028,-11.348862,0,-0.02
5137.621,226.009659,253.685364,278.15802,-153.514874,-82.763123,5.037789,52.230546,24.551814,58.30069,26.575902,-52.272028,-11.129132,0,-0.02
5153.081,226.090225,253.766205,277.252197,-153.319037,-82.591408,4.823617,52.228541,24.711211,58.308368,26.575902,-52.272028,-10.97535,0,-0.02
5169.127,226.167755,253.874924,276.53421,-153.485309,-82.484838,5.002437,52.224301,24.884015,58.334552,26.521013,-52.272028,-10.843513,0,-0.02
5184.634,226.296066,254.006454,275.877411,-153.441994,-82.400785,4.96319,52.216681,25.052981,58.37082,26.510012,-52.299473,-10.788566,0,-0.02
5200.393,226.500168,254.201538,274.921265,-153.795852,-82.27525,5.298083,52.212441,25.200976,58.42485,26.510012,-52.299473,-10.722676,0,-0.02
5214.978,226.727921,254.51622,274.446655,-153.520374,-82.228038,5.057269,52.206826,25.36656,58.531191,26.444065,-52.317808,-10.612783,0,-0.02
5230.487,227.099289,254.841385,273.818268,-153.755631,-82.187186,5.291208,52.187173,25.580789,58.670592,26.41112,-52.331559,-10.579838,0,-0.02
5245.446,227.548187,255.257919,273.54538,-153.898125,-82.213829,5.483206,52.15715,25.767975,58.854855,26.312227,-52.331559,-10.557836,0,-0.02
5260.444,228.002472,255.509048,273.176941,-154.158535,-82.212511,5.738,52.116699,25.941466,59.001991,26.268281,-52.331559,-10.557836,0,-0.02
5276.627,228.643234,255.881165,273.106293,-154.280002,-82.28648,5.897684,52.053903,26.121318,59.22172,26.147445,-52.331559,-10.557836,0,-0.02
5291.429,229.433762,256.335327,272.958984,-154.610999,-82.383711,6.30076,51.971397,26.349813,59.486999,25.960718,-52.331559,-10.557836,0,-0.01
5307.204,230.150055,256.82254,272.993958,-154.820473,-82.508673,6.61898,51.898116,26.544504,59.747065,25.740988,-52.331559,-10.546893,0,-0.01
5322.209,231.033752,257.28717,273.056824,-154.695854,-82.622978,6.540772,51.80799,26.761254,60.044888,25.576148,-52.336142,-10.524891,0,-0.01
5337.863,231.868011,257.695312,273.138733,-154.203741,-82.711328,6.107902,51.71603,26.955487,60.317272,25.389421,-52.336142,-10.436999,0,-0.01
5353.043,232.77742,258.279022,273.49884,-153.342757,-82.867745,5.425738,51.611351,27.14886,60.644202,25.037855,-52.336142,-10.272217,0,-0.01
5369.029,233.405914,258.628876,273.630157,-153.21791,-82.977409,5.40557,51.512458,27.33891,60.92965,24.763179,-52.336142,-10.21727,0,-0.01
5384.743,234.328125,259.088623,273.986877,-153.075071,-83.151932,5.339279,51.415055,27.503636,61.234177,24.576394,-52.336142,-10.21727,0,-0.01
5401.606,235.106537,259.318665,274.182373,-152.648562,-83.232548,4.870141,51.338451,27.645787,61.46061,24.565451,-52.322391,-10.21727,0,-0.01
5416.516,235.698257,259.631226,274.348419,-152.283702,-83.241944,4.475774,51.30648,27.735397,61.623502,24.565451,-52.272028,-10.21727,0,-0.01
5431.597,236.02066,259.842682,274.573792,-152.351311,-83.314652,4.53181,51.285911,27.794756,61.756485,24.565451,-52.262861,-10.283217,0,-0.01
5446.838,236.146317,259.921967,274.680603,-152.462637,-83.345879,4.617753,51.281785,27.815611,61.811088,24.598396,-52.258277,-10.338107,0,-0.01
5461.982,236.17778,259.879425,274.67807,-152.479711,-83.336196,4.583376,51.281785,27.815611,61.813265,24.664286,-52.258277,-10.371109,0,-0.01
5477.158,236.17778,259.879425,274.67807,-152.479711,-83.336196,4.583376,51.281785,27.815611,61.813265,24.664286,-52.258277,-10.371109,0,-0.01
5491.65,236.17778,259.879425,274.67807,-152.479711,-83.336196,4.583376,51.281785,27.815611,61.813265,24.664286,-52.258277,-10.371109,0,-0.01
5508.808,236.171921,259.883759,274.648499,-152.084829,-83.281478,4.190613,51.281785,27.815726,61.813265,24.664286,-52.230833,-10.305162,0,-0.01
5523.866,236.146744,259.902161,274.52887,-152.422759,-83.17657,4.55129,51.2819,27.815726,61.813265,24.664286,-52.116413,-10.294218,0,-0.01
5539.517,236.124344,259.918488,274.428406,-152.766133,-83.092459,4.914488,51.282186,27.815726,61.813265,24.664286,-52.020271,-10.294218,0,-0.01
5555.483,236.115845,259.924805,274.394928,-152.878719,-83.064327,5.033893,51.28253,27.815726,61.813265,24.664286,-51.988242,-10.294218,0,-0.01
5570.82,236.111847,259.927643,274.375824,-152.942604,-83.048284,5.101502,51.28253,27.815726,61.813265,24.664286,-51.969908,-10.294218,0,-0.01
5586.349,236.153793,259.848206,274.31015,-153.336684,-83.003823,5.411243,51.28253,27.815726,61.813265,24.829126,-51.905794,-10.436999,0,-0.01
5601.354,236.207886,259.737518,274.191162,-154.323432,-82.93948,6.283112,51.282874,27.815726,61.813265,24.993909,-51.827986,-10.590838,0,-0.01
5615.793,236.264374,259.624573,274.08136,-154.628188,-82.84391,6.466459,51.282989,27.815726,61.813265,25.13669,-51.773097,-10.645728,0,-0.01
5631.033,236.330826,259.49054,273.955383,-154.616156,-82.713047,6.30689,51.283275,27.815726,61.813265,25.345476,-51.690648,-10.700674,0,-0.01
5645.262,236.441406,259.268829,273.756287,-155.480635,-82.559494,6.937029,51.283275,27.815726,61.813265,25.686042,-51.562477,-10.920404,0,-0.01
5661.009,236.531998,259.083435,273.5867,-156.964424,-82.471545,8.232487,51.283275,27.815726,61.813265,26.070554,-51.416029,-11.304916,0,-0.01
5676.013,236.696808,258.759552,273.363068,-158.207799,-82.313294,9.13627,51.283275,27.815726,61.813265,26.455066,-51.329054,-11.568591,0,-0.01
5691.807,236.875931,258.408661,273.154907,-158.804879,-82.135734,9.359724,51.28339,27.815726,61.813265,26.971415,-51.228328,-11.854268,0,-0.01
5706.707,237.096924,257.975555,272.935303,-158.520405,-81.900192,8.606686,51.28339,27.815726,61.813036,27.597658,-51.141353,-12.062996,0,-0.01
5722.258,237.300339,257.575897,272.759186,-158.97923,-81.748472,8.64112,51.28339,27.815726,61.813036,28.168954,-51.086407,-12.370617,0,-0.01
5737.407,237.472824,257.244385,272.661377,-159.770026,-81.693239,9.084762,51.28339,27.815726,61.813036,28.630357,-51.086407,-12.700182,0,-0.01
5753.087,237.533844,257.125793,272.626343,-160.709448,-81.707047,9.907242,51.28339,27.815726,61.813036,28.79514,-51.086407,-12.919912,0,-0.02
5770.193,237.541946,257.109955,272.621674,-160.858703,-81.709912,10.0412,51.28339,27.815726,61.813036,28.817141,-51.086407,-12.952857,0,-0.02
5785.701,237.541946,257.109955,272.621674,-160.858703,-81.709912,10.0412,51.28339,27.815726,61.813036,28.817141,-51.086407,-12.952857,0,-0.02
5800.892,237.540955,257.11087,272.621674,-160.858703,-81.709912,10.041429,51.283619,27.815726,61.813036,28.817141,-51.086407,-12.952857,0,-0.02
5816.522,237.530304,257.119141,272.588623,-160.92127,-81.680348,10.112361,51.284192,27.815726,61.813036,28.817141,-51.054378,-12.952857,0,-0.02
5831.883,237.517975,257.128662,272.550842,-160.992202,-81.6466,10.192919,51.284822,27.815726,61.813036,28.817141,-51.017766,-12.952857,0,-0.02
5847.582,237.47641,257.188751,272.507629,-160.446517,-81.576298,9.704816,51.28551,27.815726,61.812921,28.751194,-50.96282,-12.821019,0,-0.02
5862.955,237.429276,257.248322,272.429474,-160.080856,-81.479411,9.397539,51.286484,27.815726,61.812921,28.696305,-50.875845,-12.711183,0,-0.02
5878.039,237.38858,257.287781,272.316132,-160.094549,-81.367398,9.453918,51.287572,27.815726,61.812807,28.663302,-50.720229,-12.645236,0,-0.02
5893.428,237.323563,257.339172,272.105438,-159.987464,-81.152138,9.400461,51.289005,27.815726,61.812807,28.663302,-50.495916,-12.557401,0,-0.02
5907.93,237.243088,257.39502,271.82193,-160.176998,-80.8809,9.653594,51.290322,27.815726,61.812692,28.663302,-50.280771,-12.524399,0,-0.02
5923.601,237.15065,257.458374,271.510864,-160.526903,-80.591671,10.075921,51.292729,27.815726,61.812692,28.663302,-49.97865,-12.491454,0,-0.02
5938.602,237.005722,257.55307,271.021149,-160.837733,-80.12322,10.496759,51.295708,27.815726,61.812692,28.663302,-49.502579,-12.403562,0,-0.02
5954.361,236.857788,257.64328,270.513275,-161.030476,-79.630247,10.800083,51.29737,27.815726,61.812692,28.663302,-49.008174,-12.293726,0,-0.02
5968.878,236.751953,257.705353,270.161102,-161.313632,-79.298104,11.16265,51.299146,27.815726,61.812692,28.663302,-48.509243,-12.24978,0,-0.02
5985.187,236.592651,257.793549,269.635559,-161.964454,-78.818366,11.936086,51.300578,27.815726,61.812578,28.663302,-48.024005,-12.23878,0,-0.02
6000.806,236.433777,257.855927,269.074188,-162.342893,-78.286432,12.406484,51.302641,27.815726,61.812406,28.740251,-47.492987,-12.183833,0,-0.02
6015.166,236.327072,257.861969,268.637085,-162.418638,-77.858834,12.500278,51.304933,27.815726,61.812406,28.806141,-47.20456,-12.150888,0,-0.02
6030.863,236.287598,257.875488,268.529419,-162.489112,-77.757191,12.580835,51.308256,27.815726,61.812291,28.828142,-47.103892,-12.150888,0,-0.02
6045.884,236.27269,257.887817,268.527893,-162.490143,-77.756905,12.585018,51.311407,27.815726,61.811947,28.828142,-47.103892,-12.150888,0,-0.02
6062.742,236.25769,257.901062,268.527527,-162.78069,-77.7765,12.885649,51.31473,27.815726,61.811833,28.828142,-47.103892,-12.216778,0,-0.02
6077.809,236.255661,257.902802,268.528931,-162.877004,-77.783146,12.984656,51.315131,27.815497,61.811833,28.828142,-47.103892,-12.23878,0,-0.02
6093.104,236.255157,257.903259,268.528931,-162.877004,-77.783146,12.984771,51.315246,27.815497,61.811833,28.828142,-47.103892,-12.23878,0,-0.02
6108.4,236.255157,257.903259,268.528931,-162.877004,-77.783146,12.984771,51.315246,27.815497,61.811833,28.828142,-47.103892,-12.23878,0,-0.02
6123.96,236.258087,257.901886,268.538269,-162.915392,-77.794949,13.022013,51.315246,27.815497,61.811833,28.828142,-47.113059,-12.24978,0,-0.02
6139.098,236.250458,257.916779,268.542816,-163.058403,-77.808814,13.184561,51.315246,27.815497,61.811833,28.806141,-47.113059,-12.271725,0,-0.02
6154.948,236.227478,257.961517,268.556274,-163.196486,-77.83116,13.374267,51.315246,27.815497,61.811833,28.740251,-47.113059,-12.271725,0,-0.02
6169.271,236.200607,258.013672,268.57193,-163.358346,-77.857058,13.596403,51.315246,27.815497,61.811833,28.641358,-47.113059,-12.271725,0,-0.02
6185.187,236.165955,258.080688,268.59201,-163.567648,-77.890117,13.883168,51.315246,27.815497,61.811833,28.542466,-47.113059,-12.271725,0,-0.02
6200.652,236.127335,258.155121,268.614227,-163.801815,-77.926672,14.203395,51.315246,27.815497,61.811833,28.454574,-47.113059,-12.271725,0,-0.02
6214.957,236.092926,258.227478,268.65036,-164.023321,-77.975832,14.507692,51.315246,27.815497,61.811833,28.344738,-47.126753,-12.271725,0,0.03
6230.419,236.044159,258.328888,268.699738,-164.038504,-78.02545,14.632368,51.315246,27.815497,61.811833,28.190899,-47.145087,-12.205835,0,0.03
6245.391,235.980453,258.453857,268.746246,-164.235888,-78.083032,14.969554,51.315246,27.815497,61.811833,28.004172,-47.154255,-12.161889,0,0.03
6260.632,235.908447,258.593597,268.796967,-164.68629,-78.159064,15.581415,51.315246,27.815497,61.811833,27.729496,-47.163365,-12.150888,0,0.03
6275.865,235.809433,258.784393,268.867126,-165.261196,-78.259847,16.375821,51.315246,27.815497,61.811833,27.509766,-47.177116,-12.150888,0,0.03
6291.35,235.719589,258.976196,268.985809,-165.88148,-78.408415,17.214689,51.315246,27.815497,61.811833,27.213146,-47.236646,-12.150888,0,0.03
6306.804,235.665344,259.112579,269.117371,-166.259919,-78.555436,17.744159,51.315246,27.815497,61.811833,26.993417,-47.323621,-12.139887,0,0.03
6322.304,235.643051,259.195465,269.248169,-166.505317,-78.694321,18.078423,51.315246,27.815497,61.811833,26.850578,-47.42429,-12.139887,0,0.03
6337.803,235.657089,259.206177,269.343781,-166.503655,-78.786968,18.082605,51.315246,27.815497,61.811833,26.817633,-47.511265,-12.139887,0,0.03
6353.301,235.675034,259.198242,269.404877,-166.447735,-78.843634,18.013106,51.315246,27.815497,61.811833,26.817633,-47.570795,-12.139887,0,0.03
6369.308,235.681946,259.20636,269.460846,-166.45335,-78.898122,18.024393,51.315246,27.815497,61.811833,26.795632,-47.621158,-12.139887,0,0.03
6385.305,235.681976,259.211975,269.477173,-166.68534,-78.924707,18.266009,51.315246,27.815497,61.811833,26.784688,-47.634909,-12.183833,0,0.03
6400.802,235.68248,259.211548,269.477264,-166.849321,-78.932213,18.432969,51.315131,27.815497,61.811833,26.784688,-47.634909,-12.227779,0,0.03
6415.502,235.682983,259.211121,269.477325,-166.958756,-78.937198,18.544352,51.315074,27.815497,61.811833,26.784688,-47.634909,-12.23878,0,0.03
6432.027,235.683487,259.210663,269.477325,-166.958756,-78.937198,18.544237,51.31496,27.815497,61.811833,26.784688,-47.634909,-12.23878,0,0.03
6446.306,235.685852,259.209167,269.482025,-166.954573,-78.941552,18.538794,51.31473,27.815497,61.811833,26.784688,-47.639493,-12.23878,0,0.03
6462.545,235.689972,259.207306,269.496155,-166.942083,-78.954673,18.523153,51.31473,27.815497,61.811833,26.784688,-47.653186,-12.23878,0,0.03
6478.018,235.692703,259.206085,269.505554,-166.933717,-78.963382,18.512667,51.31473,27.815497,61.811833,26.784688,-47.662354,-12.23878,0,0.03
6492.516,235.694077,259.205475,269.510254,-166.929535,-78.967736,18.507454,51.31473,27.815497,61.811833,26.784688,-47.666937,-12.23878,0,0.03
6507.677,235.69545,259.204865,269.514954,-166.925352,-78.972091,18.502182,51.31473,27.815497,61.811833,26.784688,-47.671521,-12.23878,0,0.03
6522.879,235.691818,259.211853,269.516998,-166.84256,-78.970429,18.425864,51.314616,27.815497,61.811833,26.773688,-47.671521,-12.216778,0,0.03
6538.3,235.687714,259.219269,269.519104,-166.814714,-78.971174,18.405639,51.314616,27.815497,61.811833,26.762687,-47.671521,-12.205835,0,0.03
6553.304,235.687714,259.219269,269.519104,-166.814714,-78.971174,18.405639,51.314616,27.815497,61.811833,26.762687,-47.671521,-12.205835,0,0.03
6571.312,235.688705,259.218384,269.519104,-166.814714,-78.971174,18.40541,51.314387,27.815497,61.811833,26.762687,-47.671521,-12.205835,0,0.03
6586.714,235.688705,259.218384,269.519104,-166.814714,-78.971174,18.40541,51.314387,27.815497,61.811833,26.762687,-47.671521,-12.205835,0,0.03
6602.128,235.688705,259.218384,269.519104,-166.814714,-78.971174,18.40541,51.314387,27.815497,61.811833,26.762687,-47.671521,-12.205835,0,0.03
6616.53,235.688705,259.218384,269.519104,-166.814714,-78.971174,18.40541,51.314387,27.815497,61.811833,26.762687,-47.671521,-12.205835,0,0.03
6632.175,235.689194,259.217926,269.519104,-166.814714,-78.971174,18.405295,51.314272,27.815497,61.811833,26.762687,-47.671521,-12.205835,0,0.03
6646.958,235.706146,259.187744,269.510651,-166.706769,-78.958053,18.262743,51.314157,27.815497,61.811833,26.806633,-47.671521,-12.205835,0,0.03
6662.41,235.744064,259.119934,269.491608,-166.465038,-78.928374,17.943147,51.313928,27.815497,61.811833,26.905525,-47.671521,-12.205835,0,-0.04
6677.84,235.769104,259.07486,269.478882,-166.304724,-78.908492,17.730924,51.313814,27.815497,61.811833,26.993417,-47.671521,-12.205835,0,-0.04
6692.839,235.789536,259.037659,269.468262,-166.171626,-78.891819,17.554682,51.313814,27.815497,61.811833,27.026362,-47.671521,-12.205835,0,-0.04
6707.38,235.790024,259.037201,269.468262,-166.171626,-78.891819,17.554567,51.313756,27.815497,61.811833,27.026362,-47.671521,-12.205835,0,-0.04
6722.385,235.790512,259.036743,269.46817,-166.008734,-78.883855,17.388467,51.313642,27.815497,61.811833,27.026362,-47.671521,-12.172832,0,-0.04
6738.017,235.790497,259.036713,269.467987,-165.683638,-78.867755,17.057125,51.313642,27.815497,61.811833,27.026362,-47.671521,-12.106942,0,-0.04
6753.275,235.790466,259.036682,269.467804,-165.359516,-78.851311,16.726815,51.313642,27.815497,61.811833,27.026362,-47.671521,-12.040995,0,-0.04
6768.781,235.790451,259.036682,269.467712,-165.197827,-78.842946,16.561975,51.313642,27.815497,61.811833,27.026362,-47.671521,-11.986105,0,-0.04
6784.75,235.790436,259.036652,269.467529,-164.875195,-78.825929,16.233098,51.313642,27.815497,61.811833,27.026362,-47.671521,-11.920158,0,-0.04
6800.471,235.790421,259.036621,269.467407,-164.660622,-78.814355,16.0144,51.313642,27.815497,61.811833,27.026362,-47.671521,-11.898213,0,-0.04
6815.248,235.790405,259.036621,269.467377,-164.60705,-78.811491,15.959797,51.313642,27.815497,61.811833,27.026362,-47.671521,-11.887213,0,-0.04
6830.758,235.790405,259.036621,269.467346,-164.553536,-78.808569,15.905251,51.313642,27.815497,61.811833,27.026362,-47.671521,-11.876212,0,-0.04
6845.334,235.790894,259.036163,269.467255,-164.393051,-78.799745,15.741557,51.313527,27.815497,61.811833,27.026362,-47.671521,-11.843267,0,-0.04
6860.601,235.791382,259.035706,269.467163,-164.232852,-78.790807,15.578149,51.313413,27.815497,61.811833,27.026362,-47.671521,-11.810322,0,-0.04
6875.906,235.79274,259.035065,269.471832,-164.174295,-78.792182,15.517531,51.313413,27.815497,61.811833,27.026362,-47.676105,-11.799321,0,-0.04
6893.24,235.793732,259.034149,269.471771,-164.067668,-78.786166,15.408611,51.313183,27.815497,61.811833,27.026362,-47.676105,-11.777319,0,-0.04
6907.143,235.793716,259.034149,269.47168,-163.907927,-78.777056,15.245719,51.313183,27.815497,61.811833,27.026362,-47.676105,-11.744374,0,-0.04
6922.008,235.793716,259.034149,269.471649,-163.854757,-78.774019,15.191518,51.313183,27.815497,61.811833,27.026362,-47.676105,-11.733374,0,-0.04
6937.512,235.793716,259.034149,269.471649,-163.854757,-78.774019,15.191518,51.313183,27.815497,61.811833,27.026362,-47.676105,-11.733374,0,-0.04
6953.134,235.793716,259.034149,269.471649,-163.854757,-78.774019,15.191518,51.313183,27.815497,61.811833,27.026362,-47.676105,-11.733374,0,-0.04
6969.277,235.793716,259.034149,269.471649,-163.854757,-78.774019,15.191518,51.313069,27.815497,61.811833,27.026362,-47.676105,-11.733374,0,-0.04
6984.786,235.79422,259.033691,269.471649,-163.854757,-78.774019,15.191403,51.312954,27.815497,61.811833,27.026362,-47.676105,-11.733374,0,-0.04
6999.958,235.794708,259.033264,269.471649,-163.854757,-78.774019,15.191288,51.312954,27.815497,61.811833,27.026362,-47.676105,-11.733374,0,-0.04
7014.885,235.794708,259.033264,269.471649,-163.854757,-78.774019,15.191288,51.312954,27.815497,61.811833,27.026362,-47.676105,-11.733374,0,-0.04
7032.076,235.794708,259.033264,269.471649,-163.854757,-78.774019,15.191288,51.312954,27.815497,61.811833,27.026362,-47.676105,-11.733374,0,-0.04
7046.78,235.794708,259.033264,269.471649,-163.854757,-78.774019,15.191288,51.312954,27.815497,61.811833,27.026362,-47.676105,-11.733374,0,-0.04
7062.25,235.795212,259.032806,269.471649,-163.854757,-78.774019,15.191174,51.31284,27.815497,61.811833,27.026362,-47.676105,-11.733374,0,-0.04
7078.032,235.795212,259.032806,269.471649,-163.854757,-78.774019,15.191174,51.31284,27.815497,61.811833,27.026362,-47.676105,-11.733374,0,-0.04
7093.119,235.795212,259.032806,269.471649,-163.854757,-78.774019,15.191174,51.31284,27.815497,61.811833,27.026362,-47.676105,-11.733374,0,-0.04
7108.551,235.7957,259.032349,269.471588,-163.748473,-78.767889,15.082713,51.312725,27.815497,61.811833,27.026362,-47.676105,-11.711429,0,-0.04
7122.575,235.795685,259.032318,269.471497,-163.589248,-78.758607,14.920394,51.312725,27.815497,61.811833,27.026362,-47.676105,-11.678484,0,-0.04
7137.581,235.795685,259.032318,269.471466,-163.536249,-78.755513,14.866364,51.312725,27.815497,61.811833,27.026362,-47.676105,-11.667483,0,-0.04
7152.964,235.79567,259.032318,269.471436,-163.483251,-78.752419,14.812334,51.312725,27.815497,61.811833,27.026362,-47.676105,-11.656483,0,-0.04
7169.451,235.79567,259.032318,269.471436,-163.483251,-78.752419,14.812334,51.312725,27.815497,61.811833,27.026362,-47.676105,-11.645482,0,-0.04
7184.847,235.79567,259.032318,269.471405,-163.43031,-78.749267,14.758304,51.31261,27.815497,61.811833,27.026362,-47.676105,-11.645482,0,-0.04
7200.658,235.796661,259.031433,269.471405,-163.43031,-78.749267,14.758132,51.312496,27.815497,61.811833,27.026362,-47.676105,-11.645482,0,-0.04
7215.328,235.797165,259.030975,269.471405,-163.43031,-78.749267,14.758018,51.312439,27.815497,61.811833,27.026362,-47.676105,-11.645482,0,-0.04
7231.057,235.797668,259.030518,269.471405,-163.43031,-78.749267,14.757903,51.312324,27.815497,61.811833,27.026362,-47.676105,-11.645482,0,-0.04
7245.557,235.797668,259.030518,269.471405,-163.43031,-78.749267,14.757903,51.312324,27.815497,61.811833,27.026362,-47.676105,-11.645482,0,-0.04
7261.053,235.798157,259.03009,269.471405,-163.43031,-78.749267,14.757789,51.312209,27.815497,61.811833,27.026362,-47.676105,-11.645482,0,-0.04
7278.368,235.79866,259.029633,269.471405,-163.430252,-78.749267,14.757674,51.312095,27.815497,61.811833,27.026362,-47.676105,-11.645482,0,-0.04
7293.326,235.79866,259.029633,269.471405,-163.430252,-78.749267,14.757674,51.312095,27.815497,61.811833,27.026362,-47.676105,-11.645482,0,-0.04
7309.401,235.79866,259.029633,269.471405,-163.430252,-78.749267,14.757674,51.31198,27.815497,61.811833,27.026362,-47.676105,-11.645482,0,-0.04
7324.354,235.799149,259.029175,269.471405,-163.430252,-78.749267,14.757559,51.31198,27.815497,61.811833,27.026362,-47.676105,-11.645482,0,-0.04
7338.853,235.799149,259.029175,269.471405,-163.430252,-78.749267,14.757559,51.31198,27.815497,61.811833,27.026362,-47.676105,-11.645482,0,-0.04
7354.156,235.81189,259.006409,269.465027,-163.354221,-78.738496,14.655458,51.311866,27.815497,61.811833,27.059307,-47.676105,-11.645482,0,-0.04
7369.468,235.828186,258.976624,269.456482,-163.253151,-78.724057,14.519839,51.311866,27.815497,61.811833,27.103253,-47.676105,-11.645482,0,-0.04
7386.664,235.840378,258.954254,269.449982,-163.019556,-78.70366,14.257195,51.311866,27.815497,61.811833,27.136255,-47.676105,-11.612537,0,-0.04
7401.981,235.844437,258.946808,269.447815,-162.94192,-78.696784,14.169877,51.311866,27.815497,61.811833,27.147199,-47.676105,-11.601536,0,-0.04
7417.095,235.848511,258.939362,269.445648,-162.864342,-78.689909,14.082615,51.311866,27.815497,61.811833,27.158199,-47.676105,-11.590592,0,-0.04
7432.379,235.85257,258.931915,269.443512,-162.839304,-78.686299,14.048925,51.311866,27.815497,61.811833,27.1692,-47.676105,-11.590592,0,-0.04
7447.729,235.86525,258.909088,269.437042,-162.659624,-78.668767,13.841171,51.311751,27.815497,61.811833,27.202145,-47.676105,-11.568591,0,-0.04
7462.687,235.897675,258.849457,269.41983,-162.408955,-78.635994,13.520257,51.311751,27.815497,61.811833,27.290037,-47.676105,-11.55759,0,-0.04
7477.292,235.917892,258.812164,269.409058,-162.233573,-78.614164,13.3007,51.311751,27.815497,61.811833,27.355985,-47.676105,-11.546647,0,-0.04
7492.786,235.942108,258.767426,269.396088,-162.034527,-78.588438,13.048713,51.311751,27.815497,61.811833,27.432875,-47.676105,-11.535646,0,-0.04
7509.051,235.966293,258.722626,269.383118,-161.888022,-78.565921,12.850355,51.311636,27.815497,61.811833,27.498766,-47.676105,-11.535646,0,-0.04
7523.43,235.995407,258.669464,269.367889,-161.615179,-78.532689,12.514659,51.311522,27.815497,61.811833,27.553712,-47.676105,-11.513644,0,-0.04
7538.054,236.011459,258.639587,269.359192,-161.518636,-78.517563,12.383566,51.311522,27.815497,61.811833,27.597658,-47.676105,-11.513644,0,-0.04
7553.817,236.011459,258.639587,269.359192,-161.518636,-78.517563,12.383566,51.311522,27.815497,61.811833,27.597658,-47.676105,-11.513644,0,-0.04
7569.321,236.011459,258.639587,269.359192,-161.518636,-78.517563,12.383566,51.311522,27.815497,61.811833,27.597658,-47.676105,-11.513644,0,-0.04
7584.824,236.015472,258.632141,269.357025,-161.494514,-78.513724,12.35085,51.311522,27.815497,61.811833,27.608659,-47.676105,-11.513644,0,-0.03
7601.019,236.015976,258.631683,269.357025,-161.494514,-78.513724,12.350736,51.311407,27.815497,61.811833,27.608659,-47.676105,-11.513644,0,-0.03
7615.463,236.015976,258.631683,269.357025,-161.494514,-78.513724,12.350736,51.311407,27.815497,61.811833,27.608659,-47.676105,-11.513644,0,-0.03
7630.732,236.015976,258.631683,269.357025,-161.494514,-78.513724,12.350736,51.311407,27.815497,61.811833,27.608659,-47.676105,-11.513644,0,-0.03
7646.06,236.015976,258.631683,269.357025,-161.494514,-78.513724,12.350736,51.311407,27.815497,61.811833,27.608659,-47.676105,-11.513644,0,-0.03
7661.4,236.015976,258.631683,269.357025,-161.494514,-78.513724,12.350736,51.311407,27.815497,61.811833,27.608659,-47.676105,-11.513644,0,-0.03
7677.402,236.015976,258.631683,269.357025,-161.494514,-78.513724,12.350736,51.311407,27.815497,61.811833,27.608659,-47.676105,-11.513644,0,-0.03
7691.944,236.015976,258.631683,269.357025,-161.494514,-78.513724,12.350736,51.311407,27.815497,61.811833,27.608659,-47.676105,-11.513644,0,-0.03
7707.238,236.016464,258.631226,269.357025,-161.494514,-78.513724,12.350621,51.311293,27.815497,61.811833,27.608659,-47.676105,-11.513644,0,-0.03
7722.339,236.016464,258.631226,269.357025,-161.494514,-78.513724,12.350621,51.311293,27.815497,61.811833,27.608659,-47.676105,-11.513644,0,-0.03
7737.953,236.016464,258.631226,269.357025,-161.494514,-78.513724,12.350621,51.311293,27.815497,61.811833,27.608659,-47.676105,-11.513644,0,-0.03
7754.457,236.016464,258.631226,269.357025,-161.494514,-78.513724,12.350621,51.311293,27.815497,61.811833,27.608659,-47.676105,-11.513644,1,-0.03
7770.174,236.016464,258.631226,269.357025,-161.494514,-78.513724,12.350621,51.311293,27.815497,61.811833,27.608659,-47.676105,-11.513644,1,-0.03
7786.336,236.016464,258.631226,269.357025,-161.494514,-78.513724,12.350621,51.311293,27.815497,61.811833,27.608659,-47.676105,-11.513644,1,-0.03
7801.491,236.016464,258.631226,269.357025,-161.494514,-78.513724,12.350621,51.311293,27.815497,61.811833,27.608659,-47.676105,-11.513644,1,-0.03
7816.49,236.016464,258.631226,269.357025,-161.494514,-78.513724,12.350621,51.311293,27.815497,61.811833,27.608659,-47.676105,-11.513644,1,-0.03
7831.491,236.016464,258.631226,269.357025,-161.494514,-78.513724,12.350621,51.311293,27.815497,61.811833,27.608659,-47.676105,-11.513644,1,-0.03
7846.205,236.016464,258.631226,269.357025,-161.494514,-78.513724,12.350621,51.311293,27.815497,61.811833,27.608659,-47.676105,-11.513644,1,-0.03
7861.545,236.016464,258.631226,269.357025,-161.494514,-78.513724,12.350621,51.311293,27.815497,61.811833,27.608659,-47.676105,-11.513644,1,-0.03
7876.931,236.012451,258.638702,269.359222,-161.518636,-78.517563,12.383337,51.311293,27.815497,61.811833,27.597658,-47.676105,-11.513644,1,-0.03
7893.921,236.008453,258.646179,269.361389,-161.5427,-78.521345,12.41611,51.311293,27.815497,61.811833,27.586657,-47.676105,-11.513644,1,-0.03
7909.433,236.008453,258.646179,269.361389,-161.5427,-78.521345,12.41611,51.311293,27.815497,61.811833,27.575657,-47.676105,-11.513644,1,-0.03
7924.872,236.00444,258.653625,269.363556,-161.566879,-78.525126,12.448883,51.311293,27.815497,61.811833,27.575657,-47.676105,-11.513644,1,-0.03
7939.842,236.00444,258.653625,269.363556,-161.566879,-78.525126,12.448883,51.311293,27.815497,61.811833,27.575657,-47.676105,-11.513644,1,-0.03
7955.841,236.005432,258.65274,269.363556,-161.566822,-78.525126,12.448654,51.311121,27.815497,61.811833,27.575657,-47.676105,-11.513644,1,-0.03
7970.659,236.00592,258.652283,269.363556,-161.566822,-78.525126,12.448539,51.311006,27.815497,61.811833,27.575657,-47.676105,-11.513644,1,-0.03
7986.597,236.006424,258.651855,269.363556,-161.566822,-78.525126,12.448425,51.310892,27.815497,61.811833,27.575657,-47.676105,-11.513644,1,-0.03
8001.909,236.006424,258.651855,269.363556,-161.566822,-78.525126,12.448425,51.310892,27.815497,61.811833,27.575657,-47.676105,-11.513644,1,-0.03
8017.436,236.006912,258.651398,269.363556,-161.566822,-78.525126,12.44831,51.310777,27.815497,61.811833,27.575657,-47.676105,-11.513644,1,-0.03
8032.789,236.006912,258.651398,269.363556,-161.566822,-78.525126,12.44831,51.310777,27.815497,61.811833,27.575657,-47.676105,-11.513644,1,-0.03
8047.994,236.007416,258.65094,269.363556,-161.566822,-78.525126,12.448196,51.310662,27.815497,61.811833,27.575657,-47.676105,-11.513644,1,0.0
8062.011,236.007416,258.65094,269.363556,-161.566822,-78.525126,12.448196,51.310662,27.815497,61.811833,27.575657,-47.676105,-11.513644,1,0.0
8076.958,236.007416,258.65094,269.363556,-161.566822,-78.525126,12.448196,51.310662,27.815497,61.811833,27.575657,-47.676105,-11.513644,1,0.0
8092.36,236.007416,258.65094,269.363556,-161.566822,-78.525126,12.448196,51.310662,27.815497,61.811833,27.575657,-47.676105,-11.513644,1,0.0
8107.135,236.007416,258.65094,269.363556,-161.566822,-78.525126,12.448196,51.310662,27.815497,61.811833,27.575657,-47.676105,-11.513644,1,0.0
8122.532,236.007416,258.65094,269.363556,-161.566822,-78.525126,12.448196,51.310662,27.815497,61.811833,27.575657,-47.676105,-11.513644,1,0.0
8137.929,236.007416,258.65094,269.363586,-161.618216,-78.528564,12.500621,51.310662,27.815497,61.811833,27.575657,-47.676105,-11.524645,1,0.0
8153.773,236.007416,258.65094,269.363586,-161.618216,-78.528564,12.500621,51.310662,27.815497,61.811833,27.575657,-47.676105,-11.524645,1,0.0
8169.277,236.007416,258.65094,269.363586,-161.618216,-78.528564,12.500621,51.310662,27.815497,61.811833,27.575657,-47.676105,-11.524645,1,0.0
8184.961,236.007416,258.65094,269.363586,-161.618216,-78.528564,12.500621,51.310548,27.815497,61.811833,27.575657,-47.676105,-11.524645,1,0.0
8201.01,236.007919,258.650513,269.363586,-161.618216,-78.528564,12.500507,51.310548,27.815497,61.811833,27.575657,-47.676105,-11.524645,1,0.0
8215.63,236.007919,258.650513,269.363586,-161.618216,-78.528564,12.500507,51.310548,27.815497,61.811833,27.575657,-47.676105,-11.524645,1,0.0
8231.995,236.007919,258.650513,269.363586,-161.618216,-78.528564,12.500507,51.310548,27.815497,61.811833,27.575657,-47.676105,-11.524645,1,0.0
8246.901,236.007919,258.650513,269.363586,-161.618216,-78.528564,12.500507,51.310548,27.815497,61.811833,27.575657,-47.676105,-11.524645,1,0.0
8261.934,236.007919,258.650513,269.363586,-161.618216,-78.528564,12.500507,51.310548,27.815497,61.811833,27.575657,-47.676105,-11.524645,1,0.0
8277.188,236.007919,258.650513,269.363586,-161.618216,-78.528564,12.500507,51.310548,27.815497,61.811833,27.575657,-47.676105,-11.524645,1,0.0
8292.65,236.007919,258.650513,269.363586,-161.618216,-78.528564,12.500507,51.310548,27.815497,61.811833,27.575657,-47.676105,-11.524645,1,0.0
8307.653,236.007919,258.650513,269.363586,-161.618216,-78.528564,12.500507,51.310548,27.815497,61.811833,27.575657,-47.676105,-11.524645,1,0.0
8323.436,236.008408,258.650055,269.363586,-161.618216,-78.528564,12.500392,51.310433,27.815497,61.811833,27.575657,-47.676105,-11.524645,1,0.0
8338.845,236.008911,258.649597,269.363586,-161.618216,-78.528564,12.500278,51.310319,27.815497,61.811833,27.575657,-47.676105,-11.524645,1,0.0
8354.339,236.008911,258.649597,269.363586,-161.618216,-78.528564,12.500278,51.310319,27.815497,61.811833,27.575657,-47.676105,-11.524645,1,0.0
8369.718,236.008911,258.649597,269.363586,-161.618216,-78.528564,12.500278,51.310319,27.815497,61.811833,27.575657,-47.676105,-11.524645,1,0.0
8385.725,236.008911,258.649597,269.363586,-161.618216,-78.528564,12.500278,51.310319,27.815497,61.811833,27.575657,-47.676105,-11.524645,1,0.0
8401.284,236.008911,258.649597,269.363586,-161.618216,-78.528564,12.500278,51.310319,27.815497,61.811833,27.575657,-47.676105,-11.524645,1,0.0
8416.682,236.008911,258.649597,269.363586,-161.618216,-78.528564,12.500278,51.310319,27.815497,61.811833,27.575657,-47.676105,-11.524645,1,0.0
8433.413,236.008911,258.649597,269.363586,-161.618216,-78.528564,12.500278,51.310319,27.815497,61.811833,27.575657,-47.676105,-11.524645,1,0.0
8447.86,236.009399,258.64917,269.363586,-161.618216,-78.528564,12.500163,51.310204,27.815497,61.811833,27.575657,-47.676105,-11.524645,1,0.0
8462.975,236.009399,258.64917,269.363586,-161.618216,-78.528564,12.500163,51.310204,27.815497,61.811833,27.575657,-47.676105,-11.524645,1,0.0
8478.236,236.009399,258.64917,269.363586,-161.618216,-78.528564,12.500163,51.310204,27.815497,61.811833,27.575657,-47.676105,-11.524645,1,0.0
8492.457,236.009399,258.64917,269.363586,-161.618216,-78.528564,12.500163,51.310204,27.815497,61.811833,27.575657,-47.676105,-11.524645,1,0.0
8507.955,236.009399,258.64917,269.363586,-161.618216,-78.528564,12.500163,51.310204,27.815497,61.811833,27.575657,-47.676105,-11.524645,1,-0.03
8523.956,236.009399,258.64917,269.363586,-161.618216,-78.528564,12.500163,51.310204,27.815497,61.811833,27.575657,-47.676105,-11.524645,1,-0.03
8539.296,236.009399,258.64917,269.363586,-161.618216,-78.528564,12.500163,51.310204,27.815497,61.811833,27.575657,-47.676105,-11.524645,1,-0.03
8554.775,236.009399,258.64917,269.363586,-161.618216,-78.528564,12.500163,51.310204,27.815497,61.811833,27.575657,-47.676105,-11.524645,1,-0.03
8569.84,236.009399,258.64917,269.363586,-161.618216,-78.528564,12.500163,51.310204,27.815497,61.811833,27.575657,-47.676105,-11.524645,1,-0.03
8585.814,236.005386,258.656616,269.365784,-161.642395,-78.532403,12.532936,51.310204,27.815497,61.811833,27.564713,-47.676105,-11.524645,1,-0.03
8602.16,236.005386,258.656616,269.365784,-161.642395,-78.532403,12.532936,51.310204,27.815497,61.811833,27.564713,-47.676105,-11.524645,1,-0.03
8617.593,236.005386,258.656616,269.365784,-161.642395,-78.532403,12.532936,51.310204,27.815497,61.811833,27.564713,-47.676105,-11.524645,1,-0.03
8632.939,236.001373,258.664093,269.36795,-161.666574,-78.536127,12.565824,51.310204,27.815497,61.811833,27.553712,-47.676105,-11.524645,1,-0.03
8648.374,235.99736,258.67157,269.370117,-161.690752,-78.539909,12.598654,51.310204,27.815497,61.811833,27.542711,-47.676105,-11.524645,1,-0.03
8663.312,235.993347,258.679047,269.372284,-161.714989,-78.54369,12.631542,51.310204,27.815497,61.811833,27.531711,-47.676105,-11.524645,1,-0.03
8678.465,235.989319,258.686493,269.374451,-161.739225,-78.547472,12.66443,51.310204,27.815497,61.811833,27.520767,-47.676105,-11.524645,1,-0.03
8693.923,235.989319,258.686493,269.374451,-161.739225,-78.547472,12.66443,51.310204,27.815497,61.811833,27.520767,-47.676105,-11.524645,1,-0.03
8708.418,235.985306,258.69397,269.376617,-161.763518,-78.551253,12.697318,51.310204,27.815497,61.811833,27.498766,-47.676105,-11.524645,1,-0.03
8724.417,235.977264,258.708893,269.380951,-161.812048,-78.558759,12.763208,51.310204,27.815497,61.811833,27.487765,-47.676105,-11.524645,1,-0.03
8739.417,235.977264,258.708893,269.380951,-161.812048,-78.558759,12.763208,51.310204,27.815497,61.811833,27.487765,-47.676105,-11.524645,1,-0.03
8755.417,235.977264,258.708893,269.380951,-161.812048,-78.558759,12.763208,51.310204,27.815497,61.811833,27.487765,-47.676105,-11.524645,1,-0.03
8770.416,235.977264,258.708893,269.380951,-161.812048,-78.558759,12.763208,51.310204,27.815497,61.811833,27.487765,-47.676105,-11.524645,1,-0.03
8786.417,235.977264,258.708893,269.380951,-161.812048,-78.558759,12.763208,51.310204,27.815497,61.811833,27.487765,-47.676105,-11.524645,1,-0.03
8801.918,235.977264,258.708893,269.380951,-161.812048,-78.558759,12.763208,51.310204,27.815497,61.811833,27.487765,-47.676105,-11.524645,1,-0.03
8817.84,235.977264,258.708893,269.380951,-161.812048,-78.558759,12.763208,51.310204,27.815497,61.811833,27.487765,-47.676105,-11.524645,1,-0.03
8833.875,235.977264,258.708893,269.380951,-161.812048,-78.558759,12.763208,51.310204,27.815497,61.811833,27.487765,-47.676105,-11.524645,1,-0.03
8848.382,235.977264,258.708893,269.380951,-161.812048,-78.558759,12.763208,51.310204,27.815497,61.811833,27.487765,-47.676105,-11.524645,1,-0.03
8863.802,235.977264,258.708893,269.380951,-161.812048,-78.558759,12.763208,51.310204,27.815497,61.811833,27.487765,-47.676105,-11.524645,1,-0.03
8880.393,235.977264,258.708893,269.380951,-161.812048,-78.558759,12.763208,51.310204,27.815497,61.811833,27.487765,-47.676105,-11.524645,1,-0.03
8895.669,235.977264,258.708893,269.380951,-161.812048,-78.558759,12.763208,51.310204,27.815497,61.811833,27.487765,-47.676105,-11.524645,1,-0.03
8911.416,235.977753,258.708435,269.380951,-161.812048,-78.558759,12.763093,51.310089,27.815497,61.811833,27.487765,-47.676105,-11.524645,1,-0.03
8926.774,235.977753,258.708435,269.380951,-161.812048,-78.558759,12.763093,51.310089,27.815497,61.811833,27.487765,-47.676105,-11.524645,1,-0.03
8942.119,235.977753,258.708435,269.380951,-161.812048,-78.558759,12.763093,51.310089,27.815497,61.811833,27.487765,-47.676105,-11.524645,1,-0.03
8957.387,235.977753,258.708435,269.380951,-161.812048,-78.558759,12.763093,51.310089,27.815497,61.811833,27.487765,-47.676105,-11.524645,1,-0.03
8972.317,235.977753,258.708435,269.380951,-161.812048,-78.558759,12.763093,51.310089,27.815497,61.811833,27.487765,-47.676105,-11.524645,1,0.01
8989.165,235.977753,258.708435,269.380951,-161.812048,-78.558759,12.763093,51.310089,27.815497,61.811833,27.487765,-47.676105,-11.524645,1,0.01
9003.949,235.969711,258.723389,269.385284,-161.860749,-78.566265,12.829041,51.310089,27.815497,61.811833,27.465821,-47.676105,-11.524645,1,0.01
9018.671,235.965683,258.730835,269.387421,-161.8851,-78.570046,12.862043,51.310089,27.815497,61.811833,27.45482,-47.676105,-11.524645,1,0.01
9034.663,235.965683,258.730835,269.387421,-161.8851,-78.570046,12.862043,51.310089,27.815497,61.811833,27.45482,-47.676105,-11.524645,1,0.01
9048.845,235.961655,258.738312,269.389587,-161.90945,-78.57377,12.895045,51.310089,27.815497,61.811833,27.443819,-47.676105,-11.524645,1,0.01
9063.774,235.961655,258.738312,269.389587,-161.90945,-78.57377,12.895045,51.310089,27.815497,61.811833,27.443819,-47.676105,-11.524645,1,0.01
9078.828,235.961655,258.738312,269.389587,-161.90945,-78.57377,12.895045,51.310089,27.815497,61.811833,27.443819,-47.676105,-11.524645,1,0.01
9095.49,235.961655,258.738312,269.389587,-161.90945,-78.57377,12.895045,51.310089,27.815497,61.811833,27.443819,-47.676105,-11.524645,1,0.01
9110.993,235.961655,258.738312,269.389587,-161.90945,-78.57377,12.895045,51.310089,27.815497,61.811833,27.443819,-47.676105,-11.524645,1,0.01
9126.086,235.961655,258.738312,269.389587,-161.90945,-78.57377,12.895045,51.310089,27.815497,61.811833,27.443819,-47.676105,-11.524645,1,0.01
9141.082,235.961655,258.738312,269.389587,-161.90945,-78.57377,12.895045,51.310089,27.815497,61.811833,27.443819,-47.676105,-11.524645,1,0.01
9157.058,235.961655,258.738312,269.389587,-161.90945,-78.57377,12.895045,51.310089,27.815497,61.811833,27.443819,-47.676105,-11.524645,1,0.01
9171.557,235.961655,258.738312,269.389587,-161.90945,-78.57377,12.895045,51.310089,27.815497,61.811833,27.443819,-47.676105,-11.524645,1,0.01
9186.695,235.961655,258.738312,269.389587,-161.90945,-78.57377,12.895045,51.310089,27.815497,61.811833,27.443819,-47.676105,-11.524645,1,0.01
9201.682,235.961655,258.738312,269.389587,-161.90945,-78.57377,12.895045,51.310089,27.815497,61.811833,27.443819,-47.676105,-11.524645,1,0.01
9217.733,235.961655,258.738312,269.389587,-161.90945,-78.57377,12.895045,51.310089,27.815497,61.811833,27.443819,-47.676105,-11.524645,1,0.01
9232.594,235.961655,258.738312,269.389587,-161.90945,-78.57377,12.895045,51.310089,27.815497,61.811833,27.443819,-47.676105,-11.524645,1,0.01
9247.917,235.961655,258.738312,269.389587,-161.90945,-78.57377,12.895045,51.310089,27.815497,61.811833,27.443819,-47.676105,-11.524645,1,0.01
9264.134,235.961655,258.738312,269.389587,-161.90945,-78.57377,12.895045,51.310089,27.815497,61.811833,27.443819,-47.676105,-11.524645,1,0.01
9279.079,235.961655,258.738312,269.389587,-161.90945,-78.57377,12.895045,51.310089,27.815497,61.811833,27.443819,-47.676105,-11.524645,1,0.01
9294.333,235.957626,258.745758,269.391754,-161.933858,-78.577552,12.928105,51.310089,27.815497,61.811833,27.432875,-47.676105,-11.524645,1,0.01
9309.34,235.957626,258.745758,269.391754,-161.933858,-78.577552,12.928105,51.310089,27.815497,61.811833,27.432875,-47.676105,-11.524645,1,0.01
9324.408,235.957626,258.745758,269.391754,-161.933858,-78.577552,12.928105,51.310089,27.815497,61.811833,27.432875,-47.676105,-11.524645,1,0.01
9339.472,235.957626,258.745758,269.391754,-161.933858,-78.577552,12.928105,51.310089,27.815497,61.811833,27.432875,-47.676105,-11.524645,1,0.01
9355.271,235.957626,258.745758,269.391754,-161.933858,-78.577552,12.928105,51.310089,27.815497,61.811833,27.432875,-47.676105,-11.524645,1,0.01
9370.275,235.953583,258.753235,269.393921,-161.958266,-78.581276,12.961107,51.310089,27.815497,61.811833,27.421875,-47.676105,-11.524645,1,0.01
9387.882,235.953583,258.753235,269.393921,-161.958266,-78.581276,12.961107,51.310089,27.815497,61.811833,27.421875,-47.676105,-11.524645,1,0.01
9403.384,235.953583,258.753235,269.393921,-161.958266,-78.581276,12.961107,51.310089,27.815497,61.811833,27.421875,-47.676105,-11.524645,1,0.01
9417.608,235.953583,258.753235,269.393921,-161.958266,-78.581276,12.961107,51.310089,27.815497,61.811833,27.421875,-47.676105,-11.524645,1,0.01
9433.227,235.953583,258.753235,269.393921,-161.958266,-78.581276,12.961107,51.310089,27.815497,61.811833,27.421875,-47.676105,-11.524645,1,0.0
9447.695,235.949554,258.760681,269.396088,-161.982732,-78.585,12.994224,51.310089,27.815497,61.811833,27.410874,-47.676105,-11.524645,1,0.0
9462.006,235.949554,258.760681,269.396088,-161.982732,-78.585,12.994224,51.310089,27.815497,61.811833,27.410874,-47.676105,-11.524645,1,0.0
9479.715,235.949554,258.760681,269.396088,-161.982732,-78.585,12.994224,51.310089,27.815497,61.811833,27.410874,-47.676105,-11.524645,1,0.0
9494.858,235.949554,258.760681,269.396088,-161.982732,-78.585,12.994224,51.310089,27.815497,61.811833,27.410874,-47.676105,-11.524645,1,0.0
9509.524,235.949554,258.760681,269.396088,-161.982732,-78.585,12.994224,51.310089,27.815497,61.811833,27.410874,-47.676105,-11.524645,1,0.0
9524.033,235.949554,258.760681,269.396088,-161.982732,-78.585,12.994224,51.310089,27.815497,61.811833,27.410874,-47.676105,-11.524645,1,0.0
9539.19,235.949554,258.760681,269.396088,-161.982732,-78.585,12.994224,51.310089,27.815497,61.811833,27.410874,-47.676105,-11.524645,1,0.0
9554.528,235.949554,258.760681,269.396088,-161.982732,-78.585,12.994224,51.310089,27.815497,61.811833,27.410874,-47.676105,-11.524645,1,0.0
9570.232,235.949554,258.760681,269.396088,-161.982732,-78.585,12.994224,51.310089,27.815497,61.811833,27.410874,-47.676105,-11.524645,1,0.0
9586.465,235.949554,258.760681,269.396088,-161.982732,-78.585,12.994224,51.310089,27.815497,61.811833,27.410874,-47.676105,-11.524645,1,0.0
9601.248,235.949554,258.760681,269.396088,-161.982732,-78.585,12.994224,51.310089,27.815497,61.811833,27.410874,-47.676105,-11.524645,1,0.0
9617.246,235.949554,258.760681,269.396088,-161.982732,-78.585,12.994224,51.310089,27.815497,61.811833,27.410874,-47.676105,-11.524645,1,0.0
9632.688,235.949554,258.760681,269.396088,-161.982732,-78.585,12.994224,51.310089,27.815497,61.811833,27.410874,-47.676105,-11.524645,1,0.0
